X [s]	1 Gast Med [V]	2 T Ant [V]	3 R Fem [V]	4 B Fem [V]	
1.620000	7.395693e-06	5.041983e-05	3.706302e-06	7.508779e-06	
1.621001	7.637980e-06	5.034572e-05	3.748252e-06	7.492007e-06	
1.622002	7.894882e-06	5.029001e-05	3.791823e-06	7.488525e-06	
1.623003	8.166642e-06	5.025362e-05	3.837031e-06	7.498869e-06	
1.624004	8.453502e-06	5.023748e-05	3.883895e-06	7.523574e-06	
1.625005	8.755695e-06	5.024247e-05	3.932430e-06	7.563161e-06	
1.626006	9.073102e-06	5.026861e-05	3.982604e-06	7.617633e-06	
1.627007	9.405197e-06	5.031489e-05	4.034329e-06	7.686391e-06	
1.628008	9.751427e-06	5.038022e-05	4.087513e-06	7.768800e-06	
1.629008	1.011124e-05	5.046352e-05	4.142065e-06	7.864227e-06	
1.630009	1.048410e-05	5.056374e-05	4.197892e-06	7.972037e-06	
1.631010	1.086943e-05	5.067979e-05	4.254905e-06	8.091596e-06	
1.632011	1.126670e-05	5.081059e-05	4.313010e-06	8.222271e-06	
1.633012	1.167536e-05	5.095507e-05	4.372117e-06	8.363428e-06	
1.634013	1.209484e-05	5.111215e-05	4.432135e-06	8.514432e-06	
1.635014	1.252461e-05	5.128076e-05	4.492970e-06	8.674650e-06	
1.636015	1.296412e-05	5.145983e-05	4.554533e-06	8.843447e-06	
1.637016	1.341280e-05	5.164828e-05	4.616730e-06	9.020190e-06	
1.638017	1.387011e-05	5.184503e-05	4.679472e-06	9.204244e-06	
1.639018	1.433550e-05	5.204900e-05	4.742666e-06	9.394976e-06	
1.640019	1.480843e-05	5.225913e-05	4.806221e-06	9.591752e-06	
1.641020	1.528833e-05	5.247434e-05	4.870045e-06	9.793937e-06	
1.642021	1.577465e-05	5.269355e-05	4.934047e-06	1.000090e-05	
1.643022	1.626686e-05	5.291568e-05	4.998135e-06	1.021200e-05	
1.644023	1.676439e-05	5.313967e-05	5.062218e-06	1.042661e-05	
1.645024	1.726670e-05	5.336444e-05	5.126204e-06	1.064410e-05	
1.646025	1.777324e-05	5.358890e-05	5.190001e-06	1.086382e-05	
1.647025	1.828345e-05	5.381199e-05	5.253519e-06	1.108515e-05	
1.648026	1.879678e-05	5.403263e-05	5.316665e-06	1.130745e-05	
1.649027	1.931269e-05	5.424975e-05	5.379348e-06	1.153009e-05	
1.650028	1.983063e-05	5.446226e-05	5.441476e-06	1.175244e-05	
1.651029	2.035003e-05	5.466910e-05	5.502958e-06	1.197385e-05	
1.652030	2.087036e-05	5.486919e-05	5.563703e-06	1.219370e-05	
1.653031	2.139106e-05	5.506145e-05	5.623619e-06	1.241135e-05	
1.654032	2.191158e-05	5.524481e-05	5.682614e-06	1.262617e-05	
1.655033	2.243137e-05	5.541820e-05	5.740596e-06	1.283752e-05	
1.656034	2.294988e-05	5.558053e-05	5.797475e-06	1.304478e-05	
1.657035	2.346655e-05	5.573073e-05	5.853159e-06	1.324730e-05	
1.658036	2.398085e-05	5.586774e-05	5.907556e-06	1.344445e-05	
1.659037	2.449222e-05	5.599046e-05	5.960574e-06	1.363560e-05	
1.660038	2.500010e-05	5.609783e-05	6.012123e-06	1.382011e-05	
1.661039	2.550395e-05	5.618877e-05	6.062110e-06	1.399736e-05	
1.662040	2.600322e-05	5.626221e-05	6.110444e-06	1.416670e-05	
1.663041	2.649735e-05	5.631707e-05	6.157034e-06	1.432750e-05	
1.664042	2.698579e-05	5.635228e-05	6.201787e-06	1.447913e-05	
1.665042	2.746800e-05	5.636675e-05	6.244613e-06	1.462095e-05	
1.666043	2.794343e-05	5.635942e-05	6.285420e-06	1.475234e-05	
1.667044	2.841152e-05	5.632921e-05	6.324117e-06	1.487265e-05	
1.668045	2.887172e-05	5.627505e-05	6.360611e-06	1.498125e-05	
1.669046	2.932348e-05	5.619585e-05	6.394811e-06	1.507751e-05	
1.670047	2.976625e-05	5.609055e-05	6.426626e-06	1.516080e-05	
1.671048	3.019949e-05	5.595807e-05	6.455965e-06	1.523048e-05	
1.672049	3.062263e-05	5.579733e-05	6.482735e-06	1.528591e-05	
1.673050	3.103514e-05	5.560726e-05	6.506845e-06	1.532646e-05	
1.674051	3.143645e-05	5.538678e-05	6.528204e-06	1.535151e-05	
1.675052	3.182604e-05	5.513486e-05	6.546723e-06	1.536043e-05	
1.676053	3.220371e-05	5.485159e-05	6.562382e-06	1.535315e-05	
1.677054	3.256964e-05	5.453818e-05	6.575231e-06	1.533014e-05	
1.678055	3.292402e-05	5.419591e-05	6.585326e-06	1.529191e-05	
1.679056	3.326703e-05	5.382605e-05	6.592719e-06	1.523895e-05	
1.680057	3.359886e-05	5.342987e-05	6.597464e-06	1.517177e-05	
1.681058	3.391970e-05	5.300865e-05	6.599617e-06	1.509085e-05	
1.682059	3.422974e-05	5.256366e-05	6.599230e-06	1.499671e-05	
1.683059	3.452917e-05	5.209617e-05	6.596357e-06	1.488984e-05	
1.684060	3.481818e-05	5.160746e-05	6.591054e-06	1.477074e-05	
1.685061	3.509695e-05	5.109879e-05	6.583373e-06	1.463991e-05	
1.686062	3.536567e-05	5.057145e-05	6.573368e-06	1.449786e-05	
1.687063	3.562453e-05	5.002670e-05	6.561094e-06	1.434507e-05	
1.688064	3.587372e-05	4.946582e-05	6.546605e-06	1.418204e-05	
1.689065	3.611343e-05	4.889009e-05	6.529954e-06	1.400929e-05	
1.690066	3.634384e-05	4.830076e-05	6.511196e-06	1.382730e-05	
1.691067	3.656515e-05	4.769912e-05	6.490385e-06	1.363658e-05	
1.692068	3.677754e-05	4.708644e-05	6.467574e-06	1.343763e-05	
1.693069	3.698119e-05	4.646400e-05	6.442817e-06	1.323094e-05	
1.694070	3.717631e-05	4.583306e-05	6.416169e-06	1.301702e-05	
1.695071	3.736308e-05	4.519490e-05	6.387684e-06	1.279636e-05	
1.696072	3.754167e-05	4.455080e-05	6.357415e-06	1.256947e-05	
1.697073	3.771230e-05	4.390201e-05	6.325416e-06	1.233684e-05	
1.698074	3.787513e-05	4.324983e-05	6.291742e-06	1.209897e-05	
1.699075	3.803036e-05	4.259552e-05	6.256446e-06	1.185637e-05	
1.700076	3.817819e-05	4.194035e-05	6.219583e-06	1.160953e-05	
1.701076	3.831878e-05	4.128561e-05	6.181206e-06	1.135895e-05	
1.702077	3.845235e-05	4.063255e-05	6.141370e-06	1.110513e-05	
1.703078	3.857906e-05	3.998245e-05	6.100127e-06	1.084857e-05	
1.704079	3.869912e-05	3.933659e-05	6.057534e-06	1.058977e-05	
1.705080	3.881271e-05	3.869625e-05	6.013642e-06	1.032923e-05	
1.706081	3.892001e-05	3.806268e-05	5.968507e-06	1.006745e-05	
1.707082	3.902122e-05	3.743717e-05	5.922183e-06	9.804925e-06	
1.708083	3.911653e-05	3.682099e-05	5.874722e-06	9.542160e-06	
1.709084	3.920612e-05	3.621542e-05	5.826180e-06	9.279652e-06	
1.710085	3.929017e-05	3.562171e-05	5.776610e-06	9.017900e-06	
1.711086	3.936889e-05	3.504116e-05	5.726067e-06	8.757404e-06	
1.712087	3.944246e-05	3.447503e-05	5.674603e-06	8.498664e-06	
1.713088	3.951106e-05	3.392459e-05	5.622274e-06	8.242179e-06	
1.714089	3.957489e-05	3.339112e-05	5.569133e-06	7.988449e-06	
1.715090	3.963412e-05	3.287589e-05	5.515235e-06	7.737972e-06	
1.716091	3.968896e-05	3.238017e-05	5.460632e-06	7.491248e-06	
1.717092	3.973959e-05	3.190524e-05	5.405380e-06	7.248778e-06	
1.718093	3.978620e-05	3.145237e-05	5.349532e-06	7.011059e-06	
1.719093	3.982897e-05	3.102283e-05	5.293142e-06	6.778593e-06	
1.720094	3.986809e-05	3.061790e-05	5.236264e-06	6.551877e-06	
1.721095	3.990376e-05	3.023884e-05	5.178953e-06	6.331413e-06	
1.722096	3.993615e-05	2.988694e-05	5.121261e-06	6.117698e-06	
1.723097	3.996547e-05	2.956347e-05	5.063244e-06	5.911233e-06	
1.724098	3.999189e-05	2.926969e-05	5.004954e-06	5.712516e-06	
1.725099	4.001561e-05	2.900682e-05	4.946446e-06	5.522031e-06	
1.726100	4.003676e-05	2.877496e-05	4.887762e-06	5.339924e-06	
1.727101	4.005547e-05	2.857316e-05	4.828932e-06	5.166036e-06	
1.728102	4.007183e-05	2.840046e-05	4.769989e-06	5.000199e-06	
1.729103	4.008596e-05	2.825589e-05	4.710962e-06	4.842245e-06	
1.730104	4.009797e-05	2.813849e-05	4.651884e-06	4.692005e-06	
1.731105	4.010796e-05	2.804727e-05	4.592785e-06	4.549310e-06	
1.732106	4.011604e-05	2.798128e-05	4.533696e-06	4.413993e-06	
1.733107	4.012232e-05	2.793955e-05	4.474649e-06	4.285883e-06	
1.734108	4.012692e-05	2.792109e-05	4.415674e-06	4.164814e-06	
1.735109	4.012994e-05	2.792496e-05	4.356804e-06	4.050615e-06	
1.736110	4.013148e-05	2.795017e-05	4.298068e-06	3.943119e-06	
1.737110	4.013166e-05	2.799576e-05	4.239498e-06	3.842158e-06	
1.738111	4.013059e-05	2.806076e-05	4.181126e-06	3.747561e-06	
1.739112	4.012837e-05	2.814420e-05	4.122981e-06	3.659162e-06	
1.740113	4.012512e-05	2.824511e-05	4.065096e-06	3.576791e-06	
1.741114	4.012093e-05	2.836252e-05	4.007502e-06	3.500279e-06	
1.742115	4.011593e-05	2.849547e-05	3.950229e-06	3.429459e-06	
1.743116	4.011022e-05	2.864298e-05	3.893308e-06	3.364161e-06	
1.744117	4.010391e-05	2.880408e-05	3.836772e-06	3.304218e-06	
1.745118	4.009710e-05	2.897781e-05	3.780650e-06	3.249460e-06	
1.746119	4.008991e-05	2.916320e-05	3.724975e-06	3.199718e-06	
1.747120	4.008245e-05	2.935927e-05	3.669776e-06	3.154825e-06	
1.748121	4.007481e-05	2.956507e-05	3.615086e-06	3.114612e-06	
1.749122	4.006712e-05	2.977961e-05	3.560935e-06	3.078910e-06	
1.750123	4.005948e-05	3.000194e-05	3.507355e-06	3.047550e-06	
1.751124	4.005201e-05	3.023107e-05	3.454376e-06	3.020364e-06	
1.752125	4.004480e-05	3.046605e-05	3.402030e-06	2.997184e-06	
1.753126	4.003796e-05	3.070591e-05	3.350348e-06	2.977841e-06	
1.754127	4.003162e-05	3.094966e-05	3.299361e-06	2.962166e-06	
1.755127	4.002586e-05	3.119636e-05	3.249100e-06	2.949990e-06	
1.756128	4.002081e-05	3.144502e-05	3.199596e-06	2.941146e-06	
1.757129	4.001658e-05	3.169468e-05	3.150880e-06	2.935464e-06	
1.758130	4.001326e-05	3.194436e-05	3.102984e-06	2.932776e-06	
1.759131	4.001098e-05	3.219311e-05	3.055938e-06	2.932914e-06	
1.760132	4.000983e-05	3.243995e-05	3.009774e-06	2.935708e-06	
1.761133	4.000993e-05	3.268391e-05	2.964522e-06	2.940991e-06	
1.762134	4.001139e-05	3.292402e-05	2.920215e-06	2.948593e-06	
1.763135	4.001431e-05	3.315932e-05	2.876882e-06	2.958347e-06	
1.764136	4.001881e-05	3.338883e-05	2.834555e-06	2.970083e-06	
1.765137	4.002499e-05	3.361158e-05	2.793266e-06	2.983633e-06	
1.766138	4.003296e-05	3.382662e-05	2.753045e-06	2.998828e-06	
1.767139	4.004283e-05	3.403296e-05	2.713924e-06	3.015500e-06	
1.768140	4.005470e-05	3.422963e-05	2.675932e-06	3.033480e-06	
1.769141	4.006870e-05	3.441568e-05	2.639103e-06	3.052600e-06	
1.770142	4.008492e-05	3.459013e-05	2.603466e-06	3.072691e-06	
1.771143	4.010348e-05	3.475201e-05	2.569054e-06	3.093585e-06	
1.772144	4.012448e-05	3.490035e-05	2.535896e-06	3.115113e-06	
1.773144	4.014803e-05	3.503419e-05	2.504024e-06	3.137105e-06	
1.774145	4.017425e-05	3.515255e-05	2.473470e-06	3.159395e-06	
1.775146	4.020323e-05	3.525451e-05	2.444262e-06	3.181819e-06	
1.776147	4.023510e-05	3.533987e-05	2.416401e-06	3.204305e-06	
1.777148	4.026995e-05	3.540900e-05	2.389862e-06	3.226853e-06	
1.778149	4.030791e-05	3.546229e-05	2.364624e-06	3.249466e-06	
1.779150	4.034907e-05	3.550012e-05	2.340660e-06	3.272146e-06	
1.780151	4.039355e-05	3.552288e-05	2.317949e-06	3.294896e-06	
1.781152	4.044146e-05	3.553095e-05	2.296464e-06	3.317719e-06	
1.782153	4.049290e-05	3.552473e-05	2.276184e-06	3.340616e-06	
1.783154	4.054800e-05	3.550460e-05	2.257084e-06	3.363590e-06	
1.784155	4.060685e-05	3.547095e-05	2.239140e-06	3.386644e-06	
1.785156	4.066957e-05	3.542415e-05	2.222327e-06	3.409780e-06	
1.786157	4.073627e-05	3.536461e-05	2.206623e-06	3.433000e-06	
1.787158	4.080706e-05	3.529271e-05	2.192004e-06	3.456307e-06	
1.788159	4.088204e-05	3.520883e-05	2.178445e-06	3.479703e-06	
1.789160	4.096133e-05	3.511337e-05	2.165922e-06	3.503192e-06	
1.790161	4.104504e-05	3.500670e-05	2.154412e-06	3.526774e-06	
1.791161	4.113327e-05	3.488921e-05	2.143891e-06	3.550453e-06	
1.792162	4.122614e-05	3.476130e-05	2.134334e-06	3.574230e-06	
1.793163	4.132376e-05	3.462334e-05	2.125719e-06	3.598110e-06	
1.794164	4.142623e-05	3.447573e-05	2.118021e-06	3.622093e-06	
1.795165	4.153367e-05	3.431886e-05	2.111216e-06	3.646183e-06	
1.796166	4.164618e-05	3.415310e-05	2.105280e-06	3.670381e-06	
1.797167	4.176388e-05	3.397884e-05	2.100189e-06	3.694691e-06	
1.798168	4.188688e-05	3.379648e-05	2.095921e-06	3.719114e-06	
1.799169	4.201528e-05	3.360640e-05	2.092449e-06	3.743653e-06	
1.800170	4.214919e-05	3.340898e-05	2.089752e-06	3.768311e-06	
1.801171	4.228873e-05	3.320462e-05	2.087804e-06	3.793090e-06	
1.802172	4.243400e-05	3.299370e-05	2.086582e-06	3.817993e-06	
1.803173	4.258512e-05	3.277660e-05	2.086063e-06	3.843021e-06	
1.804174	4.274219e-05	3.255372e-05	2.086221e-06	3.868177e-06	
1.805175	4.290533e-05	3.232543e-05	2.087034e-06	3.893465e-06	
1.806176	4.307464e-05	3.209213e-05	2.088477e-06	3.918885e-06	
1.807177	4.325023e-05	3.185421e-05	2.090527e-06	3.944441e-06	
1.808178	4.343222e-05	3.161205e-05	2.093159e-06	3.970135e-06	
1.809178	4.362071e-05	3.136603e-05	2.096350e-06	3.995970e-06	
1.810179	4.381581e-05	3.111655e-05	2.100075e-06	4.021947e-06	
1.811180	4.401764e-05	3.086399e-05	2.104312e-06	4.048070e-06	
1.812181	4.422629e-05	3.060874e-05	2.109036e-06	4.074340e-06	
1.813182	4.444189e-05	3.035118e-05	2.114222e-06	4.100761e-06	
1.814183	4.466454e-05	3.009170e-05	2.119848e-06	4.127335e-06	
1.815184	4.489436e-05	2.983069e-05	2.125889e-06	4.154063e-06	
1.816185	4.513144e-05	2.956854e-05	2.132322e-06	4.180949e-06	
1.817186	4.537591e-05	2.930563e-05	2.139122e-06	4.207995e-06	
1.818187	4.562787e-05	2.904234e-05	2.146266e-06	4.235204e-06	
1.819188	4.588743e-05	2.877908e-05	2.153730e-06	4.262577e-06	
1.820189	4.615470e-05	2.851621e-05	2.161490e-06	4.290118e-06	
1.821190	4.642979e-05	2.825413e-05	2.169521e-06	4.317828e-06	
1.822191	4.671282e-05	2.799323e-05	2.177801e-06	4.345711e-06	
1.823192	4.700388e-05	2.773390e-05	2.186305e-06	4.373768e-06	
1.824193	4.730309e-05	2.747651e-05	2.195009e-06	4.402002e-06	
1.825194	4.761053e-05	2.722145e-05	2.203890e-06	4.430413e-06	
1.826195	4.792585e-05	2.696900e-05	2.212931e-06	4.458970e-06	
1.827195	4.824839e-05	2.671937e-05	2.222118e-06	4.487620e-06	
1.828196	4.857751e-05	2.647277e-05	2.231438e-06	4.516309e-06	
1.829197	4.891254e-05	2.622942e-05	2.240880e-06	4.544983e-06	
1.830198	4.925282e-05	2.598952e-05	2.250428e-06	4.573589e-06	
1.831199	4.959772e-05	2.575329e-05	2.260072e-06	4.602074e-06	
1.832200	4.994655e-05	2.552093e-05	2.269797e-06	4.630383e-06	
1.833201	5.029868e-05	2.529265e-05	2.279591e-06	4.658464e-06	
1.834202	5.065345e-05	2.506867e-05	2.289441e-06	4.686262e-06	
1.835203	5.101019e-05	2.484920e-05	2.299334e-06	4.713723e-06	
1.836204	5.136826e-05	2.463445e-05	2.309257e-06	4.740796e-06	
1.837205	5.172699e-05	2.442463e-05	2.319196e-06	4.767425e-06	
1.838206	5.208574e-05	2.421994e-05	2.329140e-06	4.793557e-06	
1.839207	5.244384e-05	2.402060e-05	2.339074e-06	4.819138e-06	
1.840208	5.280064e-05	2.382683e-05	2.348987e-06	4.844116e-06	
1.841209	5.315548e-05	2.363882e-05	2.358865e-06	4.868436e-06	
1.842210	5.350771e-05	2.345680e-05	2.368695e-06	4.892044e-06	
1.843211	5.385667e-05	2.328096e-05	2.378464e-06	4.914888e-06	
1.844212	5.420171e-05	2.311153e-05	2.388159e-06	4.936914e-06	
1.845212	5.454217e-05	2.294872e-05	2.397768e-06	4.958067e-06	
1.846213	5.487739e-05	2.279273e-05	2.407277e-06	4.978295e-06	
1.847214	5.520672e-05	2.264377e-05	2.416673e-06	4.997543e-06	
1.848215	5.552949e-05	2.250206e-05	2.425944e-06	5.015759e-06	
1.849216	5.584507e-05	2.236780e-05	2.435076e-06	5.032888e-06	
1.850217	5.615278e-05	2.224121e-05	2.444057e-06	5.048878e-06	
1.851218	5.645198e-05	2.212250e-05	2.452873e-06	5.063674e-06	
1.852219	5.674200e-05	2.201188e-05	2.461512e-06	5.077222e-06	
1.853220	5.702220e-05	2.190955e-05	2.469960e-06	5.089470e-06	
1.854221	5.729191e-05	2.181574e-05	2.478205e-06	5.100363e-06	
1.855222	5.755048e-05	2.173064e-05	2.486234e-06	5.109849e-06	
1.856223	5.779726e-05	2.165448e-05	2.494034e-06	5.117873e-06	
1.857224	5.803158e-05	2.158745e-05	2.501591e-06	5.124381e-06	
1.858225	5.825279e-05	2.152978e-05	2.508893e-06	5.129321e-06	
1.859226	5.846024e-05	2.148167e-05	2.515927e-06	5.132639e-06	
1.860227	5.865327e-05	2.144333e-05	2.522680e-06	5.134281e-06	
1.861228	5.883123e-05	2.141498e-05	2.529139e-06	5.134193e-06	
1.862229	5.899345e-05	2.139682e-05	2.535291e-06	5.132322e-06	
1.863229	5.913928e-05	2.138907e-05	2.541123e-06	5.128614e-06	
1.864230	5.926807e-05	2.139193e-05	2.546622e-06	5.123016e-06	
1.865231	5.937916e-05	2.140562e-05	2.551775e-06	5.115474e-06	
1.866232	5.947189e-05	2.143035e-05	2.556569e-06	5.105935e-06	
1.867233	5.954561e-05	2.146632e-05	2.560992e-06	5.094344e-06	
1.868234	5.959967e-05	2.151375e-05	2.565030e-06	5.080649e-06	
1.869235	5.963340e-05	2.157285e-05	2.568670e-06	5.064795e-06	
1.870236	5.964614e-05	2.164383e-05	2.571900e-06	5.046729e-06	
1.871237	5.963726e-05	2.172691e-05	2.574705e-06	5.026398e-06	
1.872238	5.960608e-05	2.182228e-05	2.577075e-06	5.003748e-06	
1.873239	5.955195e-05	2.193016e-05	2.578995e-06	4.978726e-06	
1.874240	5.947422e-05	2.205077e-05	2.580452e-06	4.951277e-06	
1.875241	5.937230e-05	2.218425e-05	2.581435e-06	4.921356e-06	
1.876242	5.924640e-05	2.233021e-05	2.581942e-06	4.889010e-06	
1.877243	5.909720e-05	2.248789e-05	2.581981e-06	4.854341e-06	
1.878244	5.892539e-05	2.265652e-05	2.581557e-06	4.817451e-06	
1.879245	5.873167e-05	2.283535e-05	2.580675e-06	4.778443e-06	
1.880246	5.851674e-05	2.302360e-05	2.579343e-06	4.737421e-06	
1.881246	5.828128e-05	2.322053e-05	2.577567e-06	4.694486e-06	
1.882247	5.802599e-05	2.342537e-05	2.575352e-06	4.649743e-06	
1.883248	5.775157e-05	2.363735e-05	2.572705e-06	4.603294e-06	
1.884249	5.745870e-05	2.385572e-05	2.569633e-06	4.555242e-06	
1.885250	5.714809e-05	2.407972e-05	2.566140e-06	4.505690e-06	
1.886251	5.682042e-05	2.430858e-05	2.562234e-06	4.454740e-06	
1.887252	5.647638e-05	2.454154e-05	2.557920e-06	4.402496e-06	
1.888253	5.611668e-05	2.477784e-05	2.553205e-06	4.349060e-06	
1.889254	5.574201e-05	2.501673e-05	2.548095e-06	4.294536e-06	
1.890255	5.535305e-05	2.525742e-05	2.542595e-06	4.239026e-06	
1.891256	5.495051e-05	2.549918e-05	2.536713e-06	4.182633e-06	
1.892257	5.453507e-05	2.574123e-05	2.530454e-06	4.125460e-06	
1.893258	5.410744e-05	2.598281e-05	2.523825e-06	4.067610e-06	
1.894259	5.366830e-05	2.622317e-05	2.516831e-06	4.009187e-06	
1.895260	5.321834e-05	2.646153e-05	2.509480e-06	3.950292e-06	
1.896261	5.275827e-05	2.669714e-05	2.501776e-06	3.891028e-06	
1.897262	5.228877e-05	2.692925e-05	2.493726e-06	3.831500e-06	
1.898263	5.181055e-05	2.715707e-05	2.485337e-06	3.771808e-06	
1.899263	5.132428e-05	2.737986e-05	2.476614e-06	3.712058e-06	
1.900264	5.083067e-05	2.759686e-05	2.467564e-06	3.652350e-06	
1.901265	5.033041e-05	2.780729e-05	2.458193e-06	3.592789e-06	
1.902266	4.982419e-05	2.801041e-05	2.448506e-06	3.533477e-06	
1.903267	4.931271e-05	2.820544e-05	2.438511e-06	3.474517e-06	
1.904268	4.879666e-05	2.839164e-05	2.428213e-06	3.416011e-06	
1.905269	4.827673e-05	2.856822e-05	2.417619e-06	3.358064e-06	
1.906270	4.775363e-05	2.873445e-05	2.406734e-06	3.300777e-06	
1.907271	4.722803e-05	2.888954e-05	2.395565e-06	3.244254e-06	
1.908272	4.670064e-05	2.903274e-05	2.384118e-06	3.188598e-06	
1.909273	4.617215e-05	2.916330e-05	2.372400e-06	3.133911e-06	
1.910274	4.564325e-05	2.928044e-05	2.360415e-06	3.080296e-06	
1.911275	4.511463e-05	2.938341e-05	2.348171e-06	3.027856e-06	
1.912276	4.458700e-05	2.947145e-05	2.335674e-06	2.976695e-06	
1.913277	4.406104e-05	2.954379e-05	2.322929e-06	2.926914e-06	
1.914278	4.353745e-05	2.959967e-05	2.309944e-06	2.878618e-06	
1.915279	4.301692e-05	2.963834e-05	2.296723e-06	2.831908e-06	
1.916280	4.250014e-05	2.965902e-05	2.283274e-06	2.786888e-06	
1.917280	4.198781e-05	2.966096e-05	2.269602e-06	2.743661e-06	
1.918281	4.148062e-05	2.964340e-05	2.255714e-06	2.702329e-06	
1.919282	4.097927e-05	2.960557e-05	2.241616e-06	2.662996e-06	
1.920283	4.048445e-05	2.954672e-05	2.227314e-06	2.625764e-06	
1.921284	3.999685e-05	2.946608e-05	2.212813e-06	2.590736e-06	
1.922285	3.951717e-05	2.936289e-05	2.198121e-06	2.558015e-06	
1.923286	3.904609e-05	2.923639e-05	2.183244e-06	2.527705e-06	
1.924287	3.858432e-05	2.908582e-05	2.168187e-06	2.499907e-06	
1.925288	3.813253e-05	2.891053e-05	2.152958e-06	2.474713e-06	
1.926289	3.769119e-05	2.871092e-05	2.137577e-06	2.452096e-06	
1.927290	3.726067e-05	2.848799e-05	2.122069e-06	2.431970e-06	
1.928291	3.684135e-05	2.824270e-05	2.106459e-06	2.414247e-06	
1.929292	3.643359e-05	2.797604e-05	2.090775e-06	2.398837e-06	
1.930293	3.603777e-05	2.768899e-05	2.075041e-06	2.385654e-06	
1.931294	3.565425e-05	2.738254e-05	2.059283e-06	2.374608e-06	
1.932295	3.528340e-05	2.705766e-05	2.043527e-06	2.365612e-06	
1.933296	3.492559e-05	2.671535e-05	2.027799e-06	2.358577e-06	
1.934297	3.458121e-05	2.635657e-05	2.012124e-06	2.353416e-06	
1.935297	3.425060e-05	2.598232e-05	1.996529e-06	2.350039e-06	
1.936298	3.393415e-05	2.559357e-05	1.981039e-06	2.348359e-06	
1.937299	3.363222e-05	2.519131e-05	1.965680e-06	2.348288e-06	
1.938300	3.334519e-05	2.477652e-05	1.950478e-06	2.349738e-06	
1.939301	3.307342e-05	2.435019e-05	1.935458e-06	2.352619e-06	
1.940302	3.281728e-05	2.391328e-05	1.920647e-06	2.356845e-06	
1.941303	3.257715e-05	2.346680e-05	1.906070e-06	2.362327e-06	
1.942304	3.235339e-05	2.301171e-05	1.891752e-06	2.368977e-06	
1.943305	3.214638e-05	2.254900e-05	1.877720e-06	2.376706e-06	
1.944306	3.195648e-05	2.207966e-05	1.864000e-06	2.385427e-06	
1.945307	3.178406e-05	2.160466e-05	1.850617e-06	2.395051e-06	
1.946308	3.162950e-05	2.112499e-05	1.837597e-06	2.405490e-06	
1.947309	3.149316e-05	2.064162e-05	1.824965e-06	2.416656e-06	
1.948310	3.137542e-05	2.015555e-05	1.812749e-06	2.428460e-06	
1.949311	3.127664e-05	1.966776e-05	1.800972e-06	2.440815e-06	
1.950312	3.119719e-05	1.917922e-05	1.789662e-06	2.453633e-06	
1.951313	3.113745e-05	1.869092e-05	1.778844e-06	2.466824e-06	
1.952314	3.109778e-05	1.820384e-05	1.768543e-06	2.480302e-06	
1.953314	3.107855e-05	1.771896e-05	1.758786e-06	2.493977e-06	
1.954315	3.108014e-05	1.723727e-05	1.749598e-06	2.507762e-06	
1.955316	3.110292e-05	1.675974e-05	1.741006e-06	2.521569e-06	
1.956317	3.114725e-05	1.628736e-05	1.733034e-06	2.535309e-06	
1.957318	3.121350e-05	1.582112e-05	1.725708e-06	2.548893e-06	
1.958319	3.130204e-05	1.536199e-05	1.719055e-06	2.562235e-06	
1.959320	3.141325e-05	1.491095e-05	1.713101e-06	2.575246e-06	
1.960321	3.154750e-05	1.446900e-05	1.707870e-06	2.587837e-06	
1.961322	3.170515e-05	1.403710e-05	1.703389e-06	2.599920e-06	
1.962323	3.188657e-05	1.361625e-05	1.699684e-06	2.611408e-06	
1.963324	3.209214e-05	1.320742e-05	1.696780e-06	2.622212e-06	
1.964325	3.232222e-05	1.281160e-05	1.694703e-06	2.632243e-06	
1.965326	3.257718e-05	1.242977e-05	1.693479e-06	2.641414e-06	
1.966327	3.285740e-05	1.206290e-05	1.693133e-06	2.649637e-06	
1.967328	3.316324e-05	1.171200e-05	1.693692e-06	2.656823e-06	
1.968329	3.349508e-05	1.137803e-05	1.695182e-06	2.662884e-06	
1.969330	3.385328e-05	1.106197e-05	1.697627e-06	2.667732e-06	
1.970331	3.423822e-05	1.076482e-05	1.701054e-06	2.671279e-06	
1.971331	3.465026e-05	1.048755e-05	1.705489e-06	2.673436e-06	
1.972332	3.508977e-05	1.023114e-05	1.710957e-06	2.674116e-06	
1.973333	3.555713e-05	9.996583e-06	1.717485e-06	2.673230e-06	
1.974334	3.605270e-05	9.784853e-06	1.725097e-06	2.670690e-06	
1.975335	3.657678e-05	9.596795e-06	1.733814e-06	2.666421e-06	
1.976336	3.712897e-05	9.432160e-06	1.743615e-06	2.660450e-06	
1.977337	3.770860e-05	9.290185e-06	1.754457e-06	2.652851e-06	
1.978338	3.831497e-05	9.170103e-06	1.766299e-06	2.643700e-06	
1.979339	3.894739e-05	9.071148e-06	1.779097e-06	2.633073e-06	
1.980340	3.960516e-05	8.992554e-06	1.792809e-06	2.621044e-06	
1.981341	4.028761e-05	8.933553e-06	1.807395e-06	2.607689e-06	
1.982342	4.099402e-05	8.893380e-06	1.822810e-06	2.593083e-06	
1.983343	4.172373e-05	8.871268e-06	1.839014e-06	2.577302e-06	
1.984344	4.247602e-05	8.866451e-06	1.855964e-06	2.560419e-06	
1.985345	4.325022e-05	8.878161e-06	1.873618e-06	2.542512e-06	
1.986346	4.404562e-05	8.905633e-06	1.891934e-06	2.523655e-06	
1.987347	4.486154e-05	8.948100e-06	1.910869e-06	2.503923e-06	
1.988347	4.569729e-05	9.004795e-06	1.930381e-06	2.483392e-06	
1.989348	4.655217e-05	9.074953e-06	1.950429e-06	2.462136e-06	
1.990349	4.742549e-05	9.157806e-06	1.970969e-06	2.440232e-06	
1.991350	4.831657e-05	9.252588e-06	1.991961e-06	2.417754e-06	
1.992351	4.922471e-05	9.358532e-06	2.013361e-06	2.394778e-06	
1.993352	5.014921e-05	9.474873e-06	2.035128e-06	2.371379e-06	
1.994353	5.108939e-05	9.600843e-06	2.057219e-06	2.347632e-06	
1.995354	5.204456e-05	9.735676e-06	2.079592e-06	2.323612e-06	
1.996355	5.301402e-05	9.878606e-06	2.102205e-06	2.299395e-06	
1.997356	5.399708e-05	1.002887e-05	2.125016e-06	2.275056e-06	
1.998357	5.499305e-05	1.018569e-05	2.147983e-06	2.250670e-06	
1.999358	5.600124e-05	1.034831e-05	2.171064e-06	2.226313e-06	
2.000359	5.702096e-05	1.051596e-05	2.194215e-06	2.202060e-06	
2.001360	5.805152e-05	1.068788e-05	2.217396e-06	2.177985e-06	
2.002361	5.909222e-05	1.086329e-05	2.240564e-06	2.154165e-06	
2.003362	6.014237e-05	1.104144e-05	2.263676e-06	2.130674e-06	
2.004363	6.120129e-05	1.122154e-05	2.286691e-06	2.107589e-06	
2.005364	6.226827e-05	1.140285e-05	2.309567e-06	2.084983e-06	
2.006364	6.334263e-05	1.158459e-05	2.332261e-06	2.062932e-06	
2.007365	6.442368e-05	1.176599e-05	2.354731e-06	2.041513e-06	
2.008366	6.551073e-05	1.194630e-05	2.376936e-06	2.020799e-06	
2.009367	6.660307e-05	1.212473e-05	2.398832e-06	2.000866e-06	
2.010368	6.770004e-05	1.230053e-05	2.420377e-06	1.981790e-06	
2.011369	6.880092e-05	1.247293e-05	2.441530e-06	1.963645e-06	
2.012370	6.990503e-05	1.264117e-05	2.462249e-06	1.946507e-06	
2.013371	7.101168e-05	1.280447e-05	2.482490e-06	1.930451e-06	
2.014372	7.212017e-05	1.296207e-05	2.502213e-06	1.915553e-06	
2.015373	7.322982e-05	1.311320e-05	2.521374e-06	1.901887e-06	
2.016374	7.433993e-05	1.325710e-05	2.539932e-06	1.889530e-06	
2.017375	7.544981e-05	1.339300e-05	2.557844e-06	1.878556e-06	
2.018376	7.655878e-05	1.352013e-05	2.575069e-06	1.869040e-06	
2.019377	7.766613e-05	1.363773e-05	2.591564e-06	1.861058e-06	
2.020378	7.877118e-05	1.374503e-05	2.607286e-06	1.854684e-06	
2.021379	7.987323e-05	1.384127e-05	2.622195e-06	1.849996e-06	
2.022380	8.097160e-05	1.392567e-05	2.636247e-06	1.847066e-06	
2.023381	8.206559e-05	1.399748e-05	2.649401e-06	1.845972e-06	
2.024381	8.315451e-05	1.405592e-05	2.661613e-06	1.846787e-06	
2.025382	8.423760e-05	1.410034e-05	2.672850e-06	1.849574e-06	
2.026383	8.531365e-05	1.413089e-05	2.683117e-06	1.854300e-06	
2.027384	8.638125e-05	1.414801e-05	2.692438e-06	1.860893e-06	
2.028385	8.743899e-05	1.415217e-05	2.700840e-06	1.869281e-06	
2.029386	8.848547e-05	1.414383e-05	2.708346e-06	1.879395e-06	
2.030387	8.951930e-05	1.412344e-05	2.714981e-06	1.891161e-06	
2.031388	9.053905e-05	1.409146e-05	2.720769e-06	1.904509e-06	
2.032389	9.154333e-05	1.404835e-05	2.725736e-06	1.919367e-06	
2.033390	9.253073e-05	1.399457e-05	2.729906e-06	1.935664e-06	
2.034391	9.349986e-05	1.393058e-05	2.733303e-06	1.953328e-06	
2.035392	9.444929e-05	1.385684e-05	2.735953e-06	1.972288e-06	
2.036393	9.537763e-05	1.377380e-05	2.737880e-06	1.992473e-06	
2.037394	9.628348e-05	1.368193e-05	2.739108e-06	2.013810e-06	
2.038395	9.716542e-05	1.358168e-05	2.739662e-06	2.036229e-06	
2.039396	9.802206e-05	1.347352e-05	2.739567e-06	2.059658e-06	
2.040397	9.885199e-05	1.335789e-05	2.738848e-06	2.084026e-06	
2.041398	9.965380e-05	1.323526e-05	2.737529e-06	2.109261e-06	
2.042398	1.004261e-04	1.310609e-05	2.735635e-06	2.135292e-06	
2.043399	1.011675e-04	1.297084e-05	2.733190e-06	2.162047e-06	
2.044400	1.018765e-04	1.282996e-05	2.730219e-06	2.189455e-06	
2.045401	1.025518e-04	1.268392e-05	2.726747e-06	2.217445e-06	
2.046402	1.031920e-04	1.253316e-05	2.722798e-06	2.245945e-06	
2.047403	1.037956e-04	1.237816e-05	2.718398e-06	2.274883e-06	
2.048404	1.043613e-04	1.221937e-05	2.713570e-06	2.304189e-06	
2.049405	1.048876e-04	1.205725e-05	2.708339e-06	2.333790e-06	
2.050406	1.053731e-04	1.189226e-05	2.702731e-06	2.363616e-06	
2.051407	1.058165e-04	1.172485e-05	2.696769e-06	2.393594e-06	
2.052408	1.062164e-04	1.155548e-05	2.690479e-06	2.423654e-06	
2.053409	1.065712e-04	1.138462e-05	2.683884e-06	2.453724e-06	
2.054410	1.068797e-04	1.121272e-05	2.677010e-06	2.483733e-06	
2.055411	1.071404e-04	1.104024e-05	2.669881e-06	2.513608e-06	
2.056412	1.073519e-04	1.086764e-05	2.662522e-06	2.543279e-06	
2.057413	1.075128e-04	1.069538e-05	2.654958e-06	2.572675e-06	
2.058414	1.076217e-04	1.052391e-05	2.647213e-06	2.601724e-06	
2.059415	1.076773e-04	1.035370e-05	2.639312e-06	2.630353e-06	
2.060415	1.076780e-04	1.018521e-05	2.631279e-06	2.658493e-06	
2.061416	1.076225e-04	1.001888e-05	2.623140e-06	2.686071e-06	
2.062417	1.075094e-04	9.855192e-06	2.614918e-06	2.713017e-06	
2.063418	1.073373e-04	9.694589e-06	2.606639e-06	2.739258e-06	
2.064419	1.071047e-04	9.537535e-06	2.598326e-06	2.764723e-06	
2.065420	1.068103e-04	9.384488e-06	2.590006e-06	2.789341e-06	
2.066421	1.064527e-04	9.235907e-06	2.581702e-06	2.813040e-06	
2.067422	1.060305e-04	9.092251e-06	2.573439e-06	2.835749e-06	
2.068423	1.055422e-04	8.953978e-06	2.565242e-06	2.857397e-06	
2.069424	1.049864e-04	8.821546e-06	2.557135e-06	2.877912e-06	
2.070425	1.043618e-04	8.695416e-06	2.549143e-06	2.897222e-06	
2.071426	1.036670e-04	8.576044e-06	2.541291e-06	2.915256e-06	
2.072427	1.029004e-04	8.463891e-06	2.533603e-06	2.931943e-06	
2.073428	1.020609e-04	8.359414e-06	2.526104e-06	2.947212e-06	
2.074429	1.011468e-04	8.263072e-06	2.518818e-06	2.960990e-06	
2.075430	1.001573e-04	8.175244e-06	2.511770e-06	2.973219e-06	
2.076431	9.909427e-05	8.095839e-06	2.504976e-06	2.983915e-06	
2.077432	9.796038e-05	8.024601e-06	2.498452e-06	2.993120e-06	
2.078432	9.675843e-05	7.961272e-06	2.492213e-06	3.000874e-06	
2.079433	9.549121e-05	7.905597e-06	2.486273e-06	3.007221e-06	
2.080434	9.416148e-05	7.857317e-06	2.480648e-06	3.012201e-06	
2.081435	9.277204e-05	7.816176e-06	2.475354e-06	3.015857e-06	
2.082436	9.132566e-05	7.781917e-06	2.470404e-06	3.018230e-06	
2.083437	8.982511e-05	7.754283e-06	2.465814e-06	3.019363e-06	
2.084438	8.827317e-05	7.733017e-06	2.461600e-06	3.019297e-06	
2.085439	8.667262e-05	7.717861e-06	2.457776e-06	3.018075e-06	
2.086440	8.502623e-05	7.708559e-06	2.454358e-06	3.015737e-06	
2.087441	8.333679e-05	7.704855e-06	2.451360e-06	3.012325e-06	
2.088442	8.160707e-05	7.706490e-06	2.448798e-06	3.007883e-06	
2.089443	7.983985e-05	7.713207e-06	2.446687e-06	3.002450e-06	
2.090444	7.803790e-05	7.724751e-06	2.445041e-06	2.996070e-06	
2.091445	7.620401e-05	7.740864e-06	2.443877e-06	2.988785e-06	
2.092446	7.434094e-05	7.761288e-06	2.443208e-06	2.980635e-06	
2.093447	7.245148e-05	7.785768e-06	2.443051e-06	2.971662e-06	
2.094448	7.053841e-05	7.814045e-06	2.443420e-06	2.961910e-06	
2.095449	6.860449e-05	7.845863e-06	2.444330e-06	2.951418e-06	
2.096449	6.665252e-05	7.880965e-06	2.445797e-06	2.940231e-06	
2.097450	6.468526e-05	7.919094e-06	2.447835e-06	2.928388e-06	
2.098451	6.270550e-05	7.959992e-06	2.450460e-06	2.915932e-06	
2.099452	6.071600e-05	8.003404e-06	2.453687e-06	2.902905e-06	
2.100453	5.871955e-05	8.049071e-06	2.457530e-06	2.889348e-06	
2.101454	5.671893e-05	8.096738e-06	2.462005e-06	2.875304e-06	
2.102455	5.471692e-05	8.146146e-06	2.467128e-06	2.860815e-06	
2.103456	5.271628e-05	8.197039e-06	2.472912e-06	2.845921e-06	
2.104457	5.071979e-05	8.249161e-06	2.479374e-06	2.830666e-06	
2.105458	4.873025e-05	8.302253e-06	2.486528e-06	2.815090e-06	
2.106459	4.675041e-05	8.356059e-06	2.494389e-06	2.799236e-06	
2.107460	4.478306e-05	8.410322e-06	2.502973e-06	2.783146e-06	
2.108461	4.283098e-05	8.464784e-06	2.512295e-06	2.766861e-06	
2.109462	4.089695e-05	8.519190e-06	2.522369e-06	2.750423e-06	
2.110463	3.898373e-05	8.573282e-06	2.533211e-06	2.733874e-06	
2.111464	3.709411e-05	8.626803e-06	2.544836e-06	2.717256e-06	
2.112465	3.523087e-05	8.679495e-06	2.557259e-06	2.700611e-06	
2.113466	3.339678e-05	8.731103e-06	2.570495e-06	2.683980e-06	
2.114466	3.159462e-05	8.781368e-06	2.584559e-06	2.667406e-06	
2.115467	2.982716e-05	8.830035e-06	2.599466e-06	2.650930e-06	
2.116468	2.809720e-05	8.876845e-06	2.615232e-06	2.634593e-06	
2.117469	2.640749e-05	8.921543e-06	2.631871e-06	2.618439e-06	
2.118470	2.476082e-05	8.963870e-06	2.649399e-06	2.602509e-06	
2.119471	2.315997e-05	9.003570e-06	2.667831e-06	2.586844e-06	
2.120472	2.160771e-05	9.040387e-06	2.687181e-06	2.571487e-06	
2.121473	2.010682e-05	9.074062e-06	2.707465e-06	2.556479e-06	
2.122474	1.866008e-05	9.104339e-06	2.728698e-06	2.541862e-06	
2.123475	1.727027e-05	9.130961e-06	2.750895e-06	2.527677e-06	
2.124476	1.594016e-05	9.153672e-06	2.774072e-06	2.513968e-06	
2.125477	1.467199e-05	9.172273e-06	2.798223e-06	2.500770e-06	
2.126478	1.346529e-05	9.186873e-06	2.823254e-06	2.488093e-06	
2.127479	1.231878e-05	9.197670e-06	2.849039e-06	2.475939e-06	
2.128480	1.123114e-05	9.204865e-06	2.875453e-06	2.464309e-06	
2.129481	1.020109e-05	9.208658e-06	2.902370e-06	2.453205e-06	
2.130482	9.227316e-06	9.209248e-06	2.929664e-06	2.442628e-06	
2.131483	8.308525e-06	9.206835e-06	2.957212e-06	2.432580e-06	
2.132483	7.443416e-06	9.201621e-06	2.984886e-06	2.423063e-06	
2.133484	6.630691e-06	9.193804e-06	3.012563e-06	2.414078e-06	
2.134485	5.869050e-06	9.183585e-06	3.040116e-06	2.405626e-06	
2.135486	5.157194e-06	9.171163e-06	3.067421e-06	2.397709e-06	
2.136487	4.493823e-06	9.156739e-06	3.094352e-06	2.390330e-06	
2.137488	3.877639e-06	9.140513e-06	3.120783e-06	2.383488e-06	
2.138489	3.307342e-06	9.122685e-06	3.146590e-06	2.377187e-06	
2.139490	2.781632e-06	9.103454e-06	3.171648e-06	2.371427e-06	
2.140491	2.299211e-06	9.083021e-06	3.195830e-06	2.366210e-06	
2.141492	1.858779e-06	9.061585e-06	3.219011e-06	2.361537e-06	
2.142493	1.459037e-06	9.039348e-06	3.241067e-06	2.357411e-06	
2.143494	1.098685e-06	9.016508e-06	3.261872e-06	2.353832e-06	
2.144495	7.764249e-07	8.993265e-06	3.281300e-06	2.350802e-06	
2.145496	4.909567e-07	8.969821e-06	3.299227e-06	2.348324e-06	
2.146497	2.409812e-07	8.946374e-06	3.315527e-06	2.346397e-06	
2.147498	2.519922e-08	8.923125e-06	3.330074e-06	2.345025e-06	
2.148499	-1.576886e-07	8.900273e-06	3.342743e-06	2.344208e-06	
2.149500	-3.089816e-07	8.878020e-06	3.353410e-06	2.343948e-06	
2.150500	-4.299790e-07	8.856564e-06	3.361949e-06	2.344247e-06	
2.151501	-5.219800e-07	8.836106e-06	3.368233e-06	2.345106e-06	
2.152502	-5.862841e-07	8.816845e-06	3.372139e-06	2.346527e-06	
2.153503	-6.241903e-07	8.798983e-06	3.373541e-06	2.348511e-06	
2.154504	-6.369981e-07	8.782718e-06	3.372314e-06	2.351060e-06	
2.155505	-6.260068e-07	8.768251e-06	3.368331e-06	2.354175e-06	
2.156506	-5.925155e-07	8.755782e-06	3.361469e-06	2.357858e-06	
2.157507	-5.378236e-07	8.745510e-06	3.351601e-06	2.362111e-06	
2.158508	-4.632304e-07	8.737636e-06	3.338602e-06	2.366935e-06	
2.159509	-3.700351e-07	8.732360e-06	3.322347e-06	2.372332e-06	
2.160510	-2.595371e-07	8.729882e-06	3.302711e-06	2.378303e-06	
2.161511	-1.330355e-07	8.730402e-06	3.279568e-06	2.384850e-06	
2.162512	8.170189e-09	8.734119e-06	3.252793e-06	2.391974e-06	
2.163513	1.627808e-07	8.741235e-06	3.222261e-06	2.399677e-06	
2.164514	3.294971e-07	8.751948e-06	3.187846e-06	2.407961e-06	
2.165515	5.070197e-07	8.766459e-06	3.149424e-06	2.416826e-06	
2.166516	6.940494e-07	8.784967e-06	3.106868e-06	2.426275e-06	
2.167517	8.892869e-07	8.807674e-06	3.060053e-06	2.436310e-06	
2.168517	1.091433e-06	8.834778e-06	3.008855e-06	2.446931e-06	
2.169518	1.299188e-06	8.866481e-06	2.953148e-06	2.458140e-06	
2.170519	1.511253e-06	8.902981e-06	2.892806e-06	2.469940e-06	
2.171520	1.726329e-06	8.944479e-06	2.827705e-06	2.482330e-06	
2.172521	1.943116e-06	8.991175e-06	2.757718e-06	2.495314e-06	
2.173522	2.160315e-06	9.043268e-06	2.682721e-06	2.508893e-06	
2.174523	2.376627e-06	9.100960e-06	2.602588e-06	2.523067e-06	
2.175524	2.590949e-06	9.164380e-06	2.517293e-06	2.537833e-06	
2.176525	2.803022e-06	9.233366e-06	2.427232e-06	2.553163e-06	
2.177526	3.012816e-06	9.307672e-06	2.332917e-06	2.569020e-06	
2.178527	3.220300e-06	9.387054e-06	2.234859e-06	2.585369e-06	
2.179528	3.425444e-06	9.471268e-06	2.133569e-06	2.602174e-06	
2.180529	3.628217e-06	9.560071e-06	2.029559e-06	2.619400e-06	
2.181530	3.828589e-06	9.653217e-06	1.923339e-06	2.637012e-06	
2.182531	4.026528e-06	9.750463e-06	1.815422e-06	2.654974e-06	
2.183532	4.222004e-06	9.851564e-06	1.706318e-06	2.673250e-06	
2.184533	4.414987e-06	9.956277e-06	1.596538e-06	2.691804e-06	
2.185534	4.605446e-06	1.006436e-05	1.486594e-06	2.710602e-06	
2.186534	4.793350e-06	1.017556e-05	1.376998e-06	2.729608e-06	
2.187535	4.978669e-06	1.028964e-05	1.268259e-06	2.748785e-06	
2.188536	5.161372e-06	1.040636e-05	1.160890e-06	2.768100e-06	
2.189537	5.341428e-06	1.052546e-05	1.055402e-06	2.787515e-06	
2.190538	5.518807e-06	1.064672e-05	9.523064e-07	2.806996e-06	
2.191539	5.693478e-06	1.076987e-05	8.521138e-07	2.826507e-06	
2.192540	5.865410e-06	1.089468e-05	7.553358e-07	2.846013e-06	
2.193541	6.034574e-06	1.102091e-05	6.624836e-07	2.865477e-06	
2.194542	6.200938e-06	1.114831e-05	5.740686e-07	2.884865e-06	
2.195543	6.364471e-06	1.127663e-05	4.906019e-07	2.904141e-06	
2.196544	6.525144e-06	1.140563e-05	4.125948e-07	2.923269e-06	
2.197545	6.682925e-06	1.153507e-05	3.405586e-07	2.942213e-06	
2.198546	6.837783e-06	1.166471e-05	2.750045e-07	2.960940e-06	
2.199547	6.989689e-06	1.179429e-05	2.164437e-07	2.979411e-06	
2.200548	7.138612e-06	1.192357e-05	1.653876e-07	2.997593e-06	
2.201549	7.284520e-06	1.205232e-05	1.223474e-07	3.015450e-06	
2.202550	7.427384e-06	1.218028e-05	8.783436e-08	3.032946e-06	
2.203551	7.567172e-06	1.230722e-05	6.235970e-08	3.050045e-06	
2.204551	7.703855e-06	1.243288e-05	4.643469e-08	3.066713e-06	
2.205552	7.837400e-06	1.255703e-05	4.057059e-08	3.082913e-06	
2.206553	7.967779e-06	1.267942e-05	4.527866e-08	3.098609e-06	
2.207554	8.094960e-06	1.279980e-05	6.107014e-08	3.113768e-06	
2.208555	8.218912e-06	1.291793e-05	8.845630e-08	3.128352e-06	
2.209556	8.339605e-06	1.303357e-05	1.279484e-07	3.142327e-06	
2.210557	8.457009e-06	1.314647e-05	1.800577e-07	3.155656e-06	
2.211558	8.571092e-06	1.325639e-05	2.452954e-07	3.168305e-06	
2.212559	8.681824e-06	1.336309e-05	3.241728e-07	3.180237e-06	
2.213560	8.789175e-06	1.346632e-05	4.172012e-07	3.191418e-06	
2.214561	8.893113e-06	1.356583e-05	5.248917e-07	3.201811e-06	
2.215562	8.993609e-06	1.366138e-05	6.477558e-07	3.211382e-06	
2.216563	9.090631e-06	1.375274e-05	7.863045e-07	3.220094e-06	
2.217564	9.184149e-06	1.383964e-05	9.410492e-07	3.227912e-06	
2.218565	9.274133e-06	1.392186e-05	1.112501e-06	3.234801e-06	
2.219566	9.360551e-06	1.399914e-05	1.301172e-06	3.240724e-06	
2.220567	9.443373e-06	1.407124e-05	1.507572e-06	3.245648e-06	
2.221568	9.522569e-06	1.413792e-05	1.732213e-06	3.249535e-06	
2.222568	9.598107e-06	1.419893e-05	1.975606e-06	3.252350e-06	
2.223569	9.669958e-06	1.425403e-05	2.238263e-06	3.254059e-06	
2.224570	9.738090e-06	1.430298e-05	2.520695e-06	3.254624e-06	
2.225571	9.802490e-06	1.434563e-05	2.823163e-06	3.254023e-06	
2.226572	9.863206e-06	1.438223e-05	3.145000e-06	3.252276e-06	
2.227573	9.920302e-06	1.441314e-05	3.485319e-06	3.249413e-06	
2.228574	9.973841e-06	1.443869e-05	3.843238e-06	3.245465e-06	
2.229575	1.002388e-05	1.445923e-05	4.217869e-06	3.240461e-06	
2.230576	1.007050e-05	1.447510e-05	4.608330e-06	3.234433e-06	
2.231577	1.011374e-05	1.448664e-05	5.013734e-06	3.227410e-06	
2.232578	1.015368e-05	1.449420e-05	5.433197e-06	3.219424e-06	
2.233579	1.019038e-05	1.449812e-05	5.865834e-06	3.210504e-06	
2.234580	1.022391e-05	1.449875e-05	6.310759e-06	3.200680e-06	
2.235581	1.025431e-05	1.449642e-05	6.767089e-06	3.189984e-06	
2.236582	1.028167e-05	1.449147e-05	7.233938e-06	3.178445e-06	
2.237583	1.030603e-05	1.448427e-05	7.710422e-06	3.166095e-06	
2.238584	1.032747e-05	1.447513e-05	8.195654e-06	3.152963e-06	
2.239585	1.034605e-05	1.446442e-05	8.688751e-06	3.139079e-06	
2.240585	1.036183e-05	1.445247e-05	9.188828e-06	3.124475e-06	
2.241586	1.037487e-05	1.443963e-05	9.694999e-06	3.109180e-06	
2.242587	1.038524e-05	1.442623e-05	1.020638e-05	3.093225e-06	
2.243588	1.039300e-05	1.441263e-05	1.072208e-05	3.076640e-06	
2.244589	1.039821e-05	1.439916e-05	1.124123e-05	3.059456e-06	
2.245590	1.040094e-05	1.438618e-05	1.176293e-05	3.041704e-06	
2.246591	1.040126e-05	1.437401e-05	1.228630e-05	3.023412e-06	
2.247592	1.039921e-05	1.436301e-05	1.281046e-05	3.004613e-06	
2.248593	1.039487e-05	1.435352e-05	1.333451e-05	2.985335e-06	
2.249594	1.038830e-05	1.434588e-05	1.385758e-05	2.965611e-06	
2.250595	1.037956e-05	1.434043e-05	1.437878e-05	2.945469e-06	
2.251596	1.036872e-05	1.433753e-05	1.489723e-05	2.924941e-06	
2.252597	1.035583e-05	1.433750e-05	1.541204e-05	2.904056e-06	
2.253598	1.034097e-05	1.434070e-05	1.592232e-05	2.882846e-06	
2.254599	1.032420e-05	1.434747e-05	1.642720e-05	2.861340e-06	
2.255600	1.030557e-05	1.435815e-05	1.692578e-05	2.839569e-06	
2.256601	1.028515e-05	1.437308e-05	1.741718e-05	2.817564e-06	
2.257602	1.026301e-05	1.439261e-05	1.790051e-05	2.795354e-06	
2.258602	1.023921e-05	1.441708e-05	1.837490e-05	2.772970e-06	
2.259603	1.021381e-05	1.444684e-05	1.883945e-05	2.750443e-06	
2.260604	1.018687e-05	1.448222e-05	1.929329e-05	2.727803e-06	
2.261605	1.015846e-05	1.452357e-05	1.973552e-05	2.705080e-06	
2.262606	1.012864e-05	1.457124e-05	2.016526e-05	2.682305e-06	
2.263607	1.009748e-05	1.462557e-05	2.058163e-05	2.659507e-06	
2.264608	1.006503e-05	1.468689e-05	2.098375e-05	2.636718e-06	
2.265609	1.003136e-05	1.475556e-05	2.137071e-05	2.613968e-06	
2.266610	9.996539e-06	1.483191e-05	2.174165e-05	2.591287e-06	
2.267611	9.960622e-06	1.491630e-05	2.209568e-05	2.568706e-06	
2.268612	9.923674e-06	1.500906e-05	2.243191e-05	2.546255e-06	
2.269613	9.885760e-06	1.511053e-05	2.274945e-05	2.523964e-06	
2.270614	9.846942e-06	1.522107e-05	2.304743e-05	2.501864e-06	
2.271615	9.807283e-06	1.534101e-05	2.332496e-05	2.479985e-06	
2.272616	9.766847e-06	1.547069e-05	2.358114e-05	2.458357e-06	
2.273617	9.725697e-06	1.561046e-05	2.381511e-05	2.437012e-06	
2.274618	9.683895e-06	1.576067e-05	2.402597e-05	2.415978e-06	
2.275619	9.641508e-06	1.592155e-05	2.421312e-05	2.395287e-06	
2.276619	9.598610e-06	1.609297e-05	2.437690e-05	2.374966e-06	
2.277620	9.555276e-06	1.627478e-05	2.451783e-05	2.355041e-06	
2.278621	9.511583e-06	1.646676e-05	2.463643e-05	2.335541e-06	
2.279622	9.467604e-06	1.666876e-05	2.473322e-05	2.316493e-06	
2.280623	9.423417e-06	1.688057e-05	2.480872e-05	2.297924e-06	
2.281624	9.379097e-06	1.710203e-05	2.486345e-05	2.279861e-06	
2.282625	9.334720e-06	1.733294e-05	2.489792e-05	2.262332e-06	
2.283626	9.290361e-06	1.757312e-05	2.491267e-05	2.245363e-06	
2.284627	9.246095e-06	1.782239e-05	2.490821e-05	2.228983e-06	
2.285628	9.202000e-06	1.808056e-05	2.488505e-05	2.213219e-06	
2.286629	9.158149e-06	1.834746e-05	2.484373e-05	2.198097e-06	
2.287630	9.114620e-06	1.862290e-05	2.478476e-05	2.183646e-06	
2.288631	9.071486e-06	1.890669e-05	2.470866e-05	2.169892e-06	
2.289632	9.028826e-06	1.919865e-05	2.461595e-05	2.156863e-06	
2.290633	8.986712e-06	1.949860e-05	2.450715e-05	2.144586e-06	
2.291634	8.945223e-06	1.980636e-05	2.438278e-05	2.133088e-06	
2.292635	8.904433e-06	2.012174e-05	2.424336e-05	2.122397e-06	
2.293636	8.864417e-06	2.044456e-05	2.408942e-05	2.112540e-06	
2.294636	8.825252e-06	2.077463e-05	2.392147e-05	2.103545e-06	
2.295637	8.787013e-06	2.111178e-05	2.374003e-05	2.095438e-06	
2.296638	8.749776e-06	2.145581e-05	2.354562e-05	2.088247e-06	
2.297639	8.713616e-06	2.180655e-05	2.333876e-05	2.081999e-06	
2.298640	8.678609e-06	2.216381e-05	2.311998e-05	2.076722e-06	
2.299641	8.644831e-06	2.252742e-05	2.288979e-05	2.072443e-06	
2.300642	8.612358e-06	2.289717e-05	2.264871e-05	2.069189e-06	
2.301643	8.581264e-06	2.327290e-05	2.239726e-05	2.066988e-06	
2.302644	8.551626e-06	2.365442e-05	2.213597e-05	2.065866e-06	
2.303645	8.523520e-06	2.404155e-05	2.186535e-05	2.065852e-06	
2.304646	8.497021e-06	2.443410e-05	2.158593e-05	2.066972e-06	
2.305647	8.472204e-06	2.483189e-05	2.129822e-05	2.069253e-06	
2.306648	8.449146e-06	2.523473e-05	2.100274e-05	2.072724e-06	
2.307649	8.427921e-06	2.564245e-05	2.070002e-05	2.077411e-06	
2.308650	8.408606e-06	2.605485e-05	2.039057e-05	2.083342e-06	
2.309651	8.391277e-06	2.647176e-05	2.007492e-05	2.090544e-06	
2.310652	8.376009e-06	2.689300e-05	1.975358e-05	2.099044e-06	
2.311653	8.362877e-06	2.731837e-05	1.942708e-05	2.108870e-06	
2.312653	8.351957e-06	2.774770e-05	1.909593e-05	2.120049e-06	
2.313654	8.343326e-06	2.818081e-05	1.876066e-05	2.132608e-06	
2.314655	8.337058e-06	2.861750e-05	1.842178e-05	2.146574e-06	
2.315656	8.333229e-06	2.905760e-05	1.807982e-05	2.161975e-06	
2.316657	8.331915e-06	2.950092e-05	1.773529e-05	2.178839e-06	
2.317658	8.333192e-06	2.994729e-05	1.738872e-05	2.197192e-06	
2.318659	8.337135e-06	3.039650e-05	1.704063e-05	2.217062e-06	
2.319660	8.343820e-06	3.084840e-05	1.669153e-05	2.238475e-06	
2.320661	8.353322e-06	3.130278e-05	1.634195e-05	2.261460e-06	
2.321662	8.365718e-06	3.175947e-05	1.599241e-05	2.286044e-06	
2.322663	8.381082e-06	3.221828e-05	1.564342e-05	2.312254e-06	
2.323664	8.399491e-06	3.267903e-05	1.529551e-05	2.340118e-06	
2.324665	8.421020e-06	3.314154e-05	1.494920e-05	2.369661e-06	
2.325666	8.445692e-06	3.360557e-05	1.460491e-05	2.400884e-06	
2.326667	8.473383e-06	3.407073e-05	1.426278e-05	2.433699e-06	
2.327668	8.503942e-06	3.453662e-05	1.392293e-05	2.468009e-06	
2.328669	8.537221e-06	3.500282e-05	1.358545e-05	2.503714e-06	
2.329669	8.573068e-06	3.546891e-05	1.325043e-05	2.540714e-06	
2.330670	8.611334e-06	3.593449e-05	1.291799e-05	2.578910e-06	
2.331671	8.651869e-06	3.639915e-05	1.258823e-05	2.618203e-06	
2.332672	8.694522e-06	3.686247e-05	1.226123e-05	2.658494e-06	
2.333673	8.739144e-06	3.732405e-05	1.193712e-05	2.699683e-06	
2.334674	8.785585e-06	3.778346e-05	1.161598e-05	2.741671e-06	
2.335675	8.833695e-06	3.824030e-05	1.129792e-05	2.784358e-06	
2.336676	8.883323e-06	3.869416e-05	1.098304e-05	2.827646e-06	
2.337677	8.934320e-06	3.914462e-05	1.067143e-05	2.871435e-06	
2.338678	8.986536e-06	3.959127e-05	1.036321e-05	2.915625e-06	
2.339679	9.039821e-06	4.003371e-05	1.005848e-05	2.960118e-06	
2.340680	9.094025e-06	4.047152e-05	9.757320e-06	3.004813e-06	
2.341681	9.148997e-06	4.090428e-05	9.459849e-06	3.049613e-06	
2.342682	9.204588e-06	4.133159e-05	9.166163e-06	3.094417e-06	
2.343683	9.260648e-06	4.175303e-05	8.876364e-06	3.139126e-06	
2.344684	9.317026e-06	4.216820e-05	8.590552e-06	3.183640e-06	
2.345685	9.373574e-06	4.257667e-05	8.308829e-06	3.227861e-06	
2.346686	9.430140e-06	4.297804e-05	8.031295e-06	3.271690e-06	
2.347686	9.486574e-06	4.337190e-05	7.758052e-06	3.315026e-06	
2.348687	9.542728e-06	4.375784e-05	7.489201e-06	3.357770e-06	
2.349688	9.598450e-06	4.413544e-05	7.224843e-06	3.399824e-06	
2.350689	9.653591e-06	4.450429e-05	6.965079e-06	3.441088e-06	
2.351690	9.708001e-06	4.486398e-05	6.710009e-06	3.481462e-06	
2.352691	9.761530e-06	4.521410e-05	6.459736e-06	3.520847e-06	
2.353692	9.814027e-06	4.555423e-05	6.214360e-06	3.559144e-06	
2.354693	9.865343e-06	4.588397e-05	5.973981e-06	3.596254e-06	
2.355694	9.915328e-06	4.620290e-05	5.738703e-06	3.632077e-06	
2.356695	9.963832e-06	4.651061e-05	5.508624e-06	3.666515e-06	
2.357696	1.001070e-05	4.680669e-05	5.283847e-06	3.699466e-06	
2.358697	1.005580e-05	4.709073e-05	5.064472e-06	3.730833e-06	
2.359698	1.009896e-05	4.736231e-05	4.850600e-06	3.760517e-06	
2.360699	1.014003e-05	4.762102e-05	4.642334e-06	3.788416e-06	
2.361700	1.017888e-05	4.786646e-05	4.439772e-06	3.814434e-06	
2.362701	1.021535e-05	4.809821e-05	4.243018e-06	3.838469e-06	
2.363702	1.024928e-05	4.831586e-05	4.052171e-06	3.860423e-06	
2.364703	1.028054e-05	4.851899e-05	3.867333e-06	3.880196e-06	
2.365703	1.030896e-05	4.870719e-05	3.688605e-06	3.897690e-06	
2.366704	1.033440e-05	4.888006e-05	3.516087e-06	3.912804e-06	
2.367705	1.035671e-05	4.903719e-05	3.349882e-06	3.925440e-06	
2.368706	1.037574e-05	4.917815e-05	3.190090e-06	3.935498e-06	
2.369707	1.039134e-05	4.930253e-05	3.036812e-06	3.942879e-06	
2.370708	1.040335e-05	4.940994e-05	2.890149e-06	3.947484e-06	
2.371709	1.041164e-05	4.949994e-05	2.750202e-06	3.949213e-06	
2.372710	1.041604e-05	4.957214e-05	2.617073e-06	3.947966e-06	
2.373711	1.041641e-05	4.962612e-05	2.490862e-06	3.943645e-06	
2.374712	1.041261e-05	4.966147e-05	2.371670e-06	3.936151e-06	
2.375713	1.040454e-05	4.967803e-05	2.259551e-06	3.925448e-06	
2.376714	1.039231e-05	4.967623e-05	2.154440e-06	3.911654e-06	
2.377715	1.037604e-05	4.965660e-05	2.056258e-06	3.894913e-06	
2.378716	1.035585e-05	4.961968e-05	1.964923e-06	3.875368e-06	
2.379717	1.033187e-05	4.956599e-05	1.880354e-06	3.853159e-06	
2.380718	1.030421e-05	4.949607e-05	1.802470e-06	3.828431e-06	
2.381719	1.027300e-05	4.941044e-05	1.731190e-06	3.801326e-06	
2.382720	1.023837e-05	4.930964e-05	1.666434e-06	3.771986e-06	
2.383720	1.020043e-05	4.919419e-05	1.608119e-06	3.740553e-06	
2.384721	1.015931e-05	4.906462e-05	1.556166e-06	3.707171e-06	
2.385722	1.011513e-05	4.892146e-05	1.510494e-06	3.671981e-06	
2.386723	1.006802e-05	4.876525e-05	1.471021e-06	3.635126e-06	
2.387724	1.001809e-05	4.859652e-05	1.437666e-06	3.596749e-06	
2.388725	9.965465e-06	4.841578e-05	1.410349e-06	3.556992e-06	
2.389726	9.910274e-06	4.822358e-05	1.388989e-06	3.515998e-06	
2.390727	9.852636e-06	4.802044e-05	1.373504e-06	3.473909e-06	
2.391728	9.792674e-06	4.780690e-05	1.363814e-06	3.430868e-06	
2.392729	9.730511e-06	4.758347e-05	1.359838e-06	3.387017e-06	
2.393730	9.666270e-06	4.735070e-05	1.361494e-06	3.342498e-06	
2.394731	9.600072e-06	4.710912e-05	1.368702e-06	3.297455e-06	
2.395732	9.532041e-06	4.685924e-05	1.381381e-06	3.252029e-06	
2.396733	9.462299e-06	4.660160e-05	1.399450e-06	3.206364e-06	
2.397734	9.390969e-06	4.633674e-05	1.422828e-06	3.160602e-06	
2.398735	9.318173e-06	4.606518e-05	1.451434e-06	3.114884e-06	
2.399736	9.244034e-06	4.578745e-05	1.485186e-06	3.069355e-06	
2.400737	9.168674e-06	4.550408e-05	1.524005e-06	3.024155e-06	
2.401737	9.092217e-06	4.521561e-05	1.567810e-06	2.979429e-06	
2.402738	9.014784e-06	4.492255e-05	1.616518e-06	2.935317e-06	
2.403739	8.936498e-06	4.462544e-05	1.670049e-06	2.891964e-06	
2.404740	8.857483e-06	4.432482e-05	1.728323e-06	2.849510e-06	
2.405741	8.777860e-06	4.402121e-05	1.791258e-06	2.808100e-06	
2.406742	8.697752e-06	4.371513e-05	1.858773e-06	2.767875e-06	
2.407743	8.617281e-06	4.340713e-05	1.930788e-06	2.728977e-06	
2.408744	8.536571e-06	4.309773e-05	2.007222e-06	2.691550e-06	
2.409745	8.455744e-06	4.278746e-05	2.087992e-06	2.655735e-06	
2.410746	8.374922e-06	4.247684e-05	2.173020e-06	2.621676e-06	
2.411747	8.294229e-06	4.216642e-05	2.262223e-06	2.589515e-06	
2.412748	8.213786e-06	4.185672e-05	2.355520e-06	2.559394e-06	
2.413749	8.133716e-06	4.154826e-05	2.452832e-06	2.531456e-06	
2.414750	8.054142e-06	4.124159e-05	2.554076e-06	2.505843e-06	
2.415751	7.975187e-06	4.093722e-05	2.659171e-06	2.482698e-06	
2.416752	7.896972e-06	4.063570e-05	2.768038e-06	2.462164e-06	
2.417753	7.819622e-06	4.033754e-05	2.880594e-06	2.444382e-06	
2.418754	7.743257e-06	4.004328e-05	2.996760e-06	2.429495e-06	
2.419754	7.668002e-06	3.975345e-05	3.116453e-06	2.417647e-06	
2.420755	7.593978e-06	3.946858e-05	3.239594e-06	2.408979e-06	
2.421756	7.521308e-06	3.918920e-05	3.366100e-06	2.403633e-06	
2.422757	7.450114e-06	3.891583e-05	3.495892e-06	2.401753e-06	
2.423758	7.380520e-06	3.864902e-05	3.628887e-06	2.403481e-06	
2.424759	7.312647e-06	3.838928e-05	3.765006e-06	2.408959e-06	
2.425760	7.246568e-06	3.813689e-05	3.904115e-06	2.418273e-06	
2.426761	7.182247e-06	3.789163e-05	4.045972e-06	2.431387e-06	
2.427762	7.119633e-06	3.765316e-05	4.190321e-06	2.448249e-06	
2.428763	7.058678e-06	3.742119e-05	4.336905e-06	2.468809e-06	
2.429764	6.999331e-06	3.719539e-05	4.485468e-06	2.493017e-06	
2.430765	6.941543e-06	3.697547e-05	4.635755e-06	2.520819e-06	
2.431766	6.885264e-06	3.676110e-05	4.787508e-06	2.552167e-06	
2.432767	6.830446e-06	3.655197e-05	4.940471e-06	2.587008e-06	
2.433768	6.777037e-06	3.634778e-05	5.094388e-06	2.625292e-06	
2.434769	6.724988e-06	3.614821e-05	5.249004e-06	2.666967e-06	
2.435770	6.674250e-06	3.595295e-05	5.404060e-06	2.711982e-06	
2.436771	6.624774e-06	3.576169e-05	5.559302e-06	2.760286e-06	
2.437771	6.576508e-06	3.557411e-05	5.714473e-06	2.811829e-06	
2.438772	6.529405e-06	3.538991e-05	5.869316e-06	2.866559e-06	
2.439773	6.483413e-06	3.520877e-05	6.023576e-06	2.924425e-06	
2.440774	6.438484e-06	3.503039e-05	6.176996e-06	2.985376e-06	
2.441775	6.394568e-06	3.485444e-05	6.329319e-06	3.049361e-06	
2.442776	6.351615e-06	3.468063e-05	6.480290e-06	3.116329e-06	
2.443777	6.309575e-06	3.450863e-05	6.629652e-06	3.186228e-06	
2.444778	6.268400e-06	3.433813e-05	6.777149e-06	3.259008e-06	
2.445779	6.228038e-06	3.416883e-05	6.922525e-06	3.334618e-06	
2.446780	6.188441e-06	3.400042e-05	7.065523e-06	3.413006e-06	
2.447781	6.149559e-06	3.383257e-05	7.205887e-06	3.494122e-06	
2.448782	6.111342e-06	3.366498e-05	7.343360e-06	3.577914e-06	
2.449783	6.073740e-06	3.349734e-05	7.477687e-06	3.664331e-06	
2.450784	6.036705e-06	3.332934e-05	7.608612e-06	3.753323e-06	
2.451785	6.000185e-06	3.316066e-05	7.735877e-06	3.844838e-06	
2.452786	5.964133e-06	3.299099e-05	7.859226e-06	3.938825e-06	
2.453787	5.928497e-06	3.282003e-05	7.978404e-06	4.035233e-06	
2.454788	5.893229e-06	3.264745e-05	8.093154e-06	4.134011e-06	
2.455788	5.858278e-06	3.247295e-05	8.203220e-06	4.235108e-06	
2.456789	5.823596e-06	3.229622e-05	8.308345e-06	4.338472e-06	
2.457790	5.789131e-06	3.211694e-05	8.408274e-06	4.444054e-06	
2.458791	5.754836e-06	3.193481e-05	8.502749e-06	4.551801e-06	
2.459792	5.720659e-06	3.174951e-05	8.591514e-06	4.661662e-06	
2.460793	5.686552e-06	3.156072e-05	8.674314e-06	4.773587e-06	
2.461794	5.652464e-06	3.136815e-05	8.750892e-06	4.887525e-06	
2.462795	5.618347e-06	3.117147e-05	8.820992e-06	5.003424e-06	
2.463796	5.584150e-06	3.097038e-05	8.884357e-06	5.121233e-06	
2.464797	5.549824e-06	3.076456e-05	8.940731e-06	5.240901e-06	
2.465798	5.515319e-06	3.055370e-05	8.989858e-06	5.362378e-06	
2.466799	5.480585e-06	3.033749e-05	9.031482e-06	5.485612e-06	
2.467800	5.445574e-06	3.011562e-05	9.065345e-06	5.610551e-06	
2.468801	5.410234e-06	2.988778e-05	9.091193e-06	5.737146e-06	
2.469802	5.374517e-06	2.965366e-05	9.108769e-06	5.865344e-06	
2.470803	5.338373e-06	2.941293e-05	9.117816e-06	5.995095e-06	
2.471804	5.301752e-06	2.916530e-05	9.118077e-06	6.126348e-06	
2.472805	5.264605e-06	2.891045e-05	9.109298e-06	6.259052e-06	
2.473805	5.226882e-06	2.864807e-05	9.091221e-06	6.393155e-06	
2.474806	5.188533e-06	2.837785e-05	9.063593e-06	6.528607e-06	
2.475807	5.149568e-06	2.809975e-05	9.026352e-06	6.665396e-06	
2.476808	5.110103e-06	2.781421e-05	8.979802e-06	6.803582e-06	
2.477809	5.070268e-06	2.752173e-05	8.924285e-06	6.943233e-06	
2.478810	5.030192e-06	2.722284e-05	8.860143e-06	7.084419e-06	
2.479811	4.990002e-06	2.691801e-05	8.787720e-06	7.227207e-06	
2.480812	4.949828e-06	2.660777e-05	8.707358e-06	7.371665e-06	
2.481813	4.909799e-06	2.629260e-05	8.619398e-06	7.517862e-06	
2.482814	4.870043e-06	2.597303e-05	8.524185e-06	7.665867e-06	
2.483815	4.830690e-06	2.564955e-05	8.422059e-06	7.815747e-06	
2.484816	4.791867e-06	2.532265e-05	8.313365e-06	7.967570e-06	
2.485817	4.753705e-06	2.499286e-05	8.198444e-06	8.121406e-06	
2.486818	4.716332e-06	2.466067e-05	8.077638e-06	8.277322e-06	
2.487819	4.679876e-06	2.432658e-05	7.951291e-06	8.435387e-06	
2.488820	4.644466e-06	2.399111e-05	7.819745e-06	8.595669e-06	
2.489821	4.610232e-06	2.365474e-05	7.683342e-06	8.758237e-06	
2.490822	4.577302e-06	2.331799e-05	7.542425e-06	8.923158e-06	
2.491822	4.545805e-06	2.298136e-05	7.397336e-06	9.090502e-06	
2.492823	4.515870e-06	2.264535e-05	7.248419e-06	9.260335e-06	
2.493824	4.487625e-06	2.231047e-05	7.096015e-06	9.432728e-06	
2.494825	4.461199e-06	2.197722e-05	6.940466e-06	9.607747e-06	
2.495826	4.436722e-06	2.164611e-05	6.782117e-06	9.785462e-06	
2.496827	4.414322e-06	2.131763e-05	6.621308e-06	9.965940e-06	
2.497828	4.394128e-06	2.099229e-05	6.458383e-06	1.014925e-05	
2.498829	4.376268e-06	2.067060e-05	6.293684e-06	1.033546e-05	
2.499830	4.360872e-06	2.035306e-05	6.127553e-06	1.052464e-05	
2.500831	4.348068e-06	2.004017e-05	5.960334e-06	1.071686e-05	
2.501832	4.337986e-06	1.973243e-05	5.792368e-06	1.091218e-05	
2.502833	4.330753e-06	1.943036e-05	5.623998e-06	1.111067e-05	
2.503834	4.326499e-06	1.913445e-05	5.455568e-06	1.131241e-05	
2.504835	4.325353e-06	1.884520e-05	5.287418e-06	1.151746e-05	
2.505836	4.327443e-06	1.856313e-05	5.119892e-06	1.172588e-05	
2.506837	4.332899e-06	1.828873e-05	4.953332e-06	1.193775e-05	
2.507838	4.341848e-06	1.802251e-05	4.788081e-06	1.215314e-05	
2.508839	4.354421e-06	1.776497e-05	4.624481e-06	1.237211e-05	
2.509839	4.370745e-06	1.751661e-05	4.462875e-06	1.259474e-05	
2.510840	4.390950e-06	1.727795e-05	4.303605e-06	1.282108e-05	
2.511841	4.415164e-06	1.704948e-05	4.147014e-06	1.305121e-05	
2.512842	4.443516e-06	1.683170e-05	3.993444e-06	1.328520e-05	
2.513843	4.476136e-06	1.662512e-05	3.843239e-06	1.352311e-05	
2.514844	4.513151e-06	1.643025e-05	3.696739e-06	1.376502e-05	
2.515845	4.554691e-06	1.624758e-05	3.554289e-06	1.401099e-05	
2.516846	4.600884e-06	1.607762e-05	3.416230e-06	1.426109e-05	
2.517847	4.651860e-06	1.592088e-05	3.282905e-06	1.451538e-05	
2.518848	4.707747e-06	1.577786e-05	3.154656e-06	1.477395e-05	
2.519849	4.768674e-06	1.564906e-05	3.031827e-06	1.503684e-05	
2.520850	4.834770e-06	1.553498e-05	2.914759e-06	1.530415e-05	
2.521851	4.906163e-06	1.543614e-05	2.803795e-06	1.557592e-05	
2.522852	4.982983e-06	1.535302e-05	2.699277e-06	1.585223e-05	
2.523853	5.065358e-06	1.528614e-05	2.601549e-06	1.613315e-05	
2.524854	5.153416e-06	1.523600e-05	2.510949e-06	1.641875e-05	
2.525855	5.247177e-06	1.520274e-05	2.427624e-06	1.670889e-05	
2.526856	5.346491e-06	1.518591e-05	2.351401e-06	1.700312e-05	
2.527856	5.451190e-06	1.518504e-05	2.282076e-06	1.730096e-05	
2.528857	5.561104e-06	1.519963e-05	2.219449e-06	1.760194e-05	
2.529858	5.676067e-06	1.522918e-05	2.163317e-06	1.790557e-05	
2.530859	5.795910e-06	1.527320e-05	2.113477e-06	1.821136e-05	
2.531860	5.920465e-06	1.533122e-05	2.069726e-06	1.851885e-05	
2.532861	6.049564e-06	1.540272e-05	2.031864e-06	1.882754e-05	
2.533862	6.183039e-06	1.548722e-05	1.999686e-06	1.913696e-05	
2.534863	6.320723e-06	1.558424e-05	1.972991e-06	1.944663e-05	
2.535864	6.462446e-06	1.569327e-05	1.951577e-06	1.975606e-05	
2.536865	6.608042e-06	1.581382e-05	1.935241e-06	2.006478e-05	
2.537866	6.757342e-06	1.594541e-05	1.923780e-06	2.037231e-05	
2.538867	6.910177e-06	1.608755e-05	1.916993e-06	2.067816e-05	
2.539868	7.066381e-06	1.623973e-05	1.914677e-06	2.098185e-05	
2.540869	7.225785e-06	1.640147e-05	1.916630e-06	2.128290e-05	
2.541870	7.388220e-06	1.657229e-05	1.922649e-06	2.158084e-05	
2.542871	7.553520e-06	1.675167e-05	1.932532e-06	2.187518e-05	
2.543872	7.721515e-06	1.693915e-05	1.946077e-06	2.216544e-05	
2.544873	7.892039e-06	1.713421e-05	1.963080e-06	2.245113e-05	
2.545873	8.064922e-06	1.733638e-05	1.983341e-06	2.273179e-05	
2.546874	8.239997e-06	1.754516e-05	2.006656e-06	2.300692e-05	
2.547875	8.417097e-06	1.776006e-05	2.032824e-06	2.327606e-05	
2.548876	8.596051e-06	1.798058e-05	2.061641e-06	2.353871e-05	
2.549877	8.776694e-06	1.820624e-05	2.092905e-06	2.379439e-05	
2.550878	8.958857e-06	1.843655e-05	2.126415e-06	2.404263e-05	
2.551879	9.142371e-06	1.867100e-05	2.161967e-06	2.428295e-05	
2.552880	9.327069e-06	1.890912e-05	2.199360e-06	2.451485e-05	
2.553881	9.512783e-06	1.915041e-05	2.238391e-06	2.473788e-05	
2.554882	9.699345e-06	1.939437e-05	2.278857e-06	2.495153e-05	
2.555883	9.886586e-06	1.964052e-05	2.320557e-06	2.515534e-05	
2.556884	1.007434e-05	1.988837e-05	2.363288e-06	2.534881e-05	
2.557885	1.026244e-05	2.013742e-05	2.406847e-06	2.553148e-05	
2.558886	1.045071e-05	2.038718e-05	2.451032e-06	2.570286e-05	
2.559887	1.063899e-05	2.063716e-05	2.495642e-06	2.586246e-05	
2.560888	1.082711e-05	2.088687e-05	2.540473e-06	2.600981e-05	
2.561889	1.101490e-05	2.113581e-05	2.585322e-06	2.614443e-05	
2.562890	1.120219e-05	2.138350e-05	2.629989e-06	2.626584e-05	
2.563890	1.138882e-05	2.162945e-05	2.674270e-06	2.637355e-05	
2.564891	1.157462e-05	2.187316e-05	2.717963e-06	2.646709e-05	
2.565892	1.175942e-05	2.211413e-05	2.760866e-06	2.654597e-05	
2.566893	1.194305e-05	2.235189e-05	2.802776e-06	2.660972e-05	
2.567894	1.212534e-05	2.258593e-05	2.843492e-06	2.665785e-05	
2.568895	1.230613e-05	2.281577e-05	2.882810e-06	2.668988e-05	
2.569896	1.248525e-05	2.304092e-05	2.920528e-06	2.670533e-05	
2.570897	1.266252e-05	2.326087e-05	2.956444e-06	2.670372e-05	
2.571898	1.283779e-05	2.347515e-05	2.990355e-06	2.668457e-05	
2.572899	1.301088e-05	2.368326e-05	3.022060e-06	2.664740e-05	
2.573900	1.318162e-05	2.388471e-05	3.051355e-06	2.659173e-05	
2.574901	1.334985e-05	2.407901e-05	3.078042e-06	2.651709e-05	
2.575902	1.351542e-05	2.426606e-05	3.102029e-06	2.642343e-05	
2.576903	1.367817e-05	2.444631e-05	3.123386e-06	2.631133e-05	
2.577904	1.383796e-05	2.462026e-05	3.142196e-06	2.618141e-05	
2.578905	1.399466e-05	2.478839e-05	3.158539e-06	2.603429e-05	
2.579906	1.414812e-05	2.495119e-05	3.172498e-06	2.587061e-05	
2.580907	1.429821e-05	2.510916e-05	3.184155e-06	2.569098e-05	
2.581907	1.444477e-05	2.526279e-05	3.193591e-06	2.549602e-05	
2.582908	1.458767e-05	2.541257e-05	3.200889e-06	2.528637e-05	
2.583909	1.472677e-05	2.555899e-05	3.206129e-06	2.506264e-05	
2.584910	1.486192e-05	2.570254e-05	3.209395e-06	2.482547e-05	
2.585911	1.499298e-05	2.584372e-05	3.210768e-06	2.457546e-05	
2.586912	1.511982e-05	2.598302e-05	3.210329e-06	2.431325e-05	
2.587913	1.524229e-05	2.612092e-05	3.208160e-06	2.403946e-05	
2.588914	1.536024e-05	2.625792e-05	3.204344e-06	2.375471e-05	
2.589915	1.547354e-05	2.639452e-05	3.198962e-06	2.345964e-05	
2.590916	1.558205e-05	2.653119e-05	3.192096e-06	2.315485e-05	
2.591917	1.568562e-05	2.666844e-05	3.183827e-06	2.284098e-05	
2.592918	1.578411e-05	2.680676e-05	3.174239e-06	2.251865e-05	
2.593919	1.587738e-05	2.694663e-05	3.163412e-06	2.218848e-05	
2.594920	1.596529e-05	2.708855e-05	3.151428e-06	2.185109e-05	
2.595921	1.604770e-05	2.723301e-05	3.138369e-06	2.150712e-05	
2.596922	1.612447e-05	2.738051e-05	3.124317e-06	2.115718e-05	
2.597923	1.619544e-05	2.753153e-05	3.109354e-06	2.080190e-05	
2.598924	1.626050e-05	2.768656e-05	3.093562e-06	2.044190e-05	
2.599924	1.631948e-05	2.784610e-05	3.077022e-06	2.007780e-05	
2.600925	1.637225e-05	2.801063e-05	3.059817e-06	1.971024e-05	
2.601926	1.641867e-05	2.818066e-05	3.042027e-06	1.933983e-05	
2.602927	1.645859e-05	2.835667e-05	3.023736e-06	1.896719e-05	
2.603928	1.649188e-05	2.853915e-05	3.005024e-06	1.859296e-05	
2.604929	1.651840e-05	2.872860e-05	2.985974e-06	1.821774e-05	
2.605930	1.653799e-05	2.892550e-05	2.966668e-06	1.784218e-05	
2.606931	1.655053e-05	2.913035e-05	2.947187e-06	1.746689e-05	
2.607932	1.655586e-05	2.934364e-05	2.927613e-06	1.709250e-05	
2.608933	1.655385e-05	2.956586e-05	2.908028e-06	1.671962e-05	
2.609934	1.654435e-05	2.979750e-05	2.888514e-06	1.634889e-05	
2.610935	1.652723e-05	3.003906e-05	2.869153e-06	1.598092e-05	
2.611936	1.650234e-05	3.029102e-05	2.850026e-06	1.561635e-05	
2.612937	1.646954e-05	3.055388e-05	2.831215e-06	1.525579e-05	
2.613938	1.642869e-05	3.082813e-05	2.812803e-06	1.489986e-05	
2.614939	1.637965e-05	3.111426e-05	2.794870e-06	1.454920e-05	
2.615940	1.632227e-05	3.141276e-05	2.777500e-06	1.420443e-05	
2.616941	1.625642e-05	3.172412e-05	2.760773e-06	1.386616e-05	
2.617941	1.618195e-05	3.204884e-05	2.744772e-06	1.353503e-05	
2.618942	1.609872e-05	3.238741e-05	2.729577e-06	1.321166e-05	
2.619943	1.600659e-05	3.274031e-05	2.715273e-06	1.289667e-05	
2.620944	1.590542e-05	3.310804e-05	2.701939e-06	1.259068e-05	
2.621945	1.579506e-05	3.349109e-05	2.689658e-06	1.229432e-05	
2.622946	1.567538e-05	3.388996e-05	2.678512e-06	1.200821e-05	
2.623947	1.554623e-05	3.430513e-05	2.668582e-06	1.173298e-05	
2.624948	1.540749e-05	3.473708e-05	2.659949e-06	1.146924e-05	
2.625949	1.525931e-05	3.518566e-05	2.652642e-06	1.121724e-05	
2.626950	1.510227e-05	3.564990e-05	2.646625e-06	1.097678e-05	
2.627951	1.493696e-05	3.612880e-05	2.641857e-06	1.074761e-05	
2.628952	1.476396e-05	3.662136e-05	2.638298e-06	1.052951e-05	
2.629953	1.458386e-05	3.712657e-05	2.635906e-06	1.032223e-05	
2.630954	1.439726e-05	3.764341e-05	2.634641e-06	1.012555e-05	
2.631955	1.420473e-05	3.817089e-05	2.634463e-06	9.939210e-06	
2.632956	1.400687e-05	3.870799e-05	2.635332e-06	9.762988e-06	
2.633957	1.380427e-05	3.925371e-05	2.637205e-06	9.596644e-06	
2.634958	1.359752e-05	3.980705e-05	2.640044e-06	9.439941e-06	
2.635958	1.338720e-05	4.036698e-05	2.643807e-06	9.292642e-06	
2.636959	1.317391e-05	4.093251e-05	2.648453e-06	9.154511e-06	
2.637960	1.295822e-05	4.150263e-05	2.653943e-06	9.025311e-06	
2.638961	1.274074e-05	4.207633e-05	2.660235e-06	8.904804e-06	
2.639962	1.252205e-05	4.265261e-05	2.667289e-06	8.792754e-06	
2.640963	1.230273e-05	4.323045e-05	2.675064e-06	8.688925e-06	
2.641964	1.208339e-05	4.380886e-05	2.683520e-06	8.593079e-06	
2.642965	1.186459e-05	4.438681e-05	2.692616e-06	8.504979e-06	
2.643966	1.164695e-05	4.496332e-05	2.702311e-06	8.424390e-06	
2.644967	1.143103e-05	4.553736e-05	2.712566e-06	8.351073e-06	
2.645968	1.121744e-05	4.610793e-05	2.723338e-06	8.284792e-06	
2.646969	1.100675e-05	4.667402e-05	2.734589e-06	8.225310e-06	
2.647970	1.079957e-05	4.723463e-05	2.746276e-06	8.172391e-06	
2.648971	1.059647e-05	4.778875e-05	2.758360e-06	8.125797e-06	
2.649972	1.039805e-05	4.833538e-05	2.770800e-06	8.085293e-06	
2.650973	1.020490e-05	4.887349e-05	2.783555e-06	8.050640e-06	
2.651974	1.001759e-05	4.940210e-05	2.796585e-06	8.021602e-06	
2.652975	9.836735e-06	4.992018e-05	2.809849e-06	7.997943e-06	
2.653975	9.662906e-06	5.042674e-05	2.823307e-06	7.979425e-06	
2.654976	9.496698e-06	5.092076e-05	2.836917e-06	7.965812e-06	
2.655977	9.338698e-06	5.140124e-05	2.850640e-06	7.956867e-06	
2.656978	9.189495e-06	5.186718e-05	2.864435e-06	7.952353e-06	
2.657979	9.049677e-06	5.231755e-05	2.878260e-06	7.952033e-06	
2.658980	8.919835e-06	5.275137e-05	2.892076e-06	7.955670e-06	
2.659981	8.800555e-06	5.316761e-05	2.905843e-06	7.963028e-06	
2.660982	8.692427e-06	5.356528e-05	2.919518e-06	7.973870e-06	
2.661983	8.596040e-06	5.394336e-05	2.933062e-06	7.987958e-06	
2.662984	8.511982e-06	5.430084e-05	2.946435e-06	8.005057e-06	
2.663985	8.440842e-06	5.463673e-05	2.959595e-06	8.024929e-06	
2.664986	8.383208e-06	5.495001e-05	2.972501e-06	8.047338e-06	
2.665987	8.339670e-06	5.523968e-05	2.985115e-06	8.072046e-06	
2.666988	8.310816e-06	5.550473e-05	2.997394e-06	8.098817e-06	
2.667989	8.297234e-06	5.574414e-05	3.009298e-06	8.127414e-06	
2.668990	8.299514e-06	5.595692e-05	3.020787e-06	8.157600e-06	
2.669991	8.318244e-06	5.614206e-05	3.031819e-06	8.189138e-06	
2.670992	8.354012e-06	5.629855e-05	3.042355e-06	8.221792e-06	
2.671992	8.407408e-06	5.642538e-05	3.052354e-06	8.255325e-06	
2.672993	8.479020e-06	5.652155e-05	3.061775e-06	8.289500e-06	
2.673994	8.569437e-06	5.658604e-05	3.070578e-06	8.324079e-06	
2.674995	8.679226e-06	5.661788e-05	3.078723e-06	8.358830e-06	
2.675996	8.808370e-06	5.661691e-05	3.086220e-06	8.393584e-06	
2.676997	8.956190e-06	5.658386e-05	3.093131e-06	8.428251e-06	
2.677998	9.121974e-06	5.651954e-05	3.099523e-06	8.462744e-06	
2.678999	9.305010e-06	5.642474e-05	3.105460e-06	8.496976e-06	
2.680000	9.504584e-06	5.630026e-05	3.111009e-06	8.530860e-06	
