NO_OF_SAMPLES	581
FREQUENCY	100
TIME_STAMP	2021-10-08, 16:24:03	9434.18631139
FIRST_SAMPLE	379
DESCRIPTION	Force data in local (force plate) coordinates
DATA_INCLUDED	Force
FORCE_PLATE_TYPE	Amti
FORCE_PLATE_MODEL	Unknown
FORCE_PLATE_NAME	Force-plate 1
FORCE_PLATE_CORNER_POSX_POSY_X	-88.329201
FORCE_PLATE_CORNER_POSX_POSY_Y	573.721008
FORCE_PLATE_CORNER_POSX_POSY_Z	0.000000
FORCE_PLATE_CORNER_NEGX_POSY_X	-89.185501
FORCE_PLATE_CORNER_NEGX_POSY_Y	115.864998
FORCE_PLATE_CORNER_NEGX_POSY_Z	0.000000
FORCE_PLATE_CORNER_NEGX_NEGY_X	-592.245972
FORCE_PLATE_CORNER_NEGX_NEGY_Y	113.574997
FORCE_PLATE_CORNER_NEGX_NEGY_Z	0.000000
FORCE_PLATE_CORNER_POSX_NEGY_X	-594.474976
FORCE_PLATE_CORNER_POSX_NEGY_Y	572.864990
FORCE_PLATE_CORNER_POSX_NEGY_Z	0.000000
FORCE_PLATE_LENGTH	508.000000
FORCE_PLATE_WIDTH	463.550000
Sample	Time	Force_X	Force_Y	Force_Z	Moment_X	Moment_Y	Moment_Z	COP_X	COP_Y	COP_Z
379	3.78000	0.373753	0.494243	1.910119	0.231494	0.169372	-0.021644	0.000000	0.000000	0.000000	
380	3.79000	0.373709	0.562334	1.645011	0.204223	0.160105	-0.012330	0.000000	0.000000	0.000000	
381	3.80000	0.419087	0.562749	1.732509	0.222683	0.142234	-0.026176	0.000000	0.000000	0.000000	
382	3.81000	0.373445	0.562946	1.910336	0.249691	0.178557	-0.026232	0.000000	0.000000	0.000000	
383	3.82000	0.510899	0.539930	2.531168	0.213747	0.151182	-0.012611	0.000000	0.000000	0.000000	
384	3.83000	0.259931	0.516572	1.644428	0.213253	0.169094	-0.016829	0.000000	0.000000	0.000000	
385	3.84000	0.328626	0.448372	2.086871	0.222497	0.160161	-0.017013	0.000000	0.000000	0.000000	
386	3.85000	0.350923	0.516623	1.913232	0.203903	0.223405	-0.017030	0.000000	0.000000	0.000000	
387	3.86000	0.351115	0.539663	1.731262	0.213765	0.114914	-0.021458	0.000000	0.000000	0.000000	
388	3.87000	0.237356	0.447839	1.912296	0.194928	0.214158	-0.021487	0.000000	0.000000	0.000000	
389	3.88000	0.373720	0.585389	1.999916	0.222485	0.178297	-0.016993	0.000000	0.000000	0.000000	
390	3.89000	0.328005	0.585875	1.909535	0.276657	0.178653	-0.007851	0.000000	0.000000	0.000000	
391	3.90000	0.351455	0.425705	2.530751	0.222812	0.178277	-0.035480	0.000000	0.000000	0.000000	
392	3.91000	0.419441	0.516898	1.910590	0.213342	0.160211	-0.012463	0.000000	0.000000	0.000000	
393	3.92000	0.442396	0.585257	2.088242	0.204415	0.151049	-0.003253	0.000000	0.000000	0.000000	
394	3.93000	0.373920	0.539655	2.266597	0.213440	0.196308	-0.021646	0.000000	0.000000	0.000000	
395	3.94000	0.373833	0.562519	2.177316	0.213620	0.178228	-0.026186	0.000000	0.000000	0.000000	
396	3.95000	0.374439	0.562074	2.266566	0.195066	0.177974	0.010554	0.000000	0.000000	0.000000	
397	3.96000	0.396926	0.516636	2.088313	0.195340	0.160008	-0.012414	0.000000	0.000000	0.000000	
398	3.97000	0.261189	0.538844	2.619952	0.177430	0.150486	0.006140	0.000000	0.000000	0.000000	
399	3.98000	0.374018	0.585288	1.998299	0.213707	0.132965	-0.012326	0.000000	0.000000	0.000000	
400	3.99000	0.260709	0.562138	2.531116	0.213619	0.168904	-0.003108	0.000000	0.000000	0.000000	
401	4.00000	0.328794	0.516565	2.531981	0.195660	0.177979	-0.026155	0.000000	0.000000	0.000000	
402	4.01000	0.351154	0.585152	1.910205	0.204607	0.141937	-0.016872	0.000000	0.000000	0.000000	
403	4.02000	0.373886	0.630847	1.999184	0.204710	0.141941	-0.016878	0.000000	0.000000	0.000000	
404	4.03000	0.351460	0.493689	2.266808	0.195153	0.196122	-0.012434	0.000000	0.000000	0.000000	
405	4.04000	0.419413	0.425767	1.911080	0.230993	0.196568	-0.008022	0.000000	0.000000	0.000000	
406	4.05000	0.419166	0.494344	2.089077	0.231364	0.205618	-0.026359	0.000000	0.000000	0.000000	
407	4.06000	0.510664	0.539885	2.265112	0.204737	0.142127	-0.021736	0.000000	0.000000	0.000000	
408	4.07000	0.328459	0.516639	2.088524	0.204410	0.178109	-0.021544	0.000000	0.000000	0.000000	
409	4.08000	0.510098	0.631202	2.090729	0.213285	0.205536	-0.017170	0.000000	0.000000	0.000000	
410	4.09000	0.373923	0.494107	1.999034	0.222426	0.169274	-0.017045	0.000000	0.000000	0.000000	
411	4.10000	0.396656	0.516794	1.998865	0.195735	0.141983	-0.035328	0.000000	0.000000	0.000000	
412	4.11000	0.374316	0.494262	2.529846	0.231970	0.151174	-0.021675	0.000000	0.000000	0.000000	
413	4.12000	0.419570	0.494299	2.086837	0.231585	0.151283	-0.012517	0.000000	0.000000	0.000000	
414	4.13000	0.351344	0.562217	2.088904	0.204217	0.178078	-0.003185	0.000000	0.000000	0.000000	
415	4.14000	0.442575	0.631120	2.532068	0.231497	0.178292	0.010419	0.000000	0.000000	0.000000	
416	4.15000	0.419681	0.562438	2.265668	0.204546	0.160070	-0.012445	0.000000	0.000000	0.000000	
417	4.16000	0.442162	0.539620	1.910933	0.195447	0.151067	-0.021609	0.000000	0.000000	0.000000	
418	4.17000	0.350874	0.630893	2.089733	0.213478	0.196277	-0.021535	0.000000	0.000000	0.000000	
419	4.18000	0.442201	0.539905	2.443352	0.213831	0.178311	-0.035495	0.000000	0.000000	0.000000	
420	4.19000	0.328471	0.630377	2.000949	0.177300	0.168800	-0.012213	0.000000	0.000000	0.000000	
421	4.20000	0.373436	0.562737	1.733206	0.231553	0.169392	-0.026169	0.000000	0.000000	0.000000	
422	4.21000	0.328675	0.516462	2.266847	0.195194	0.196084	-0.012388	0.000000	0.000000	0.000000	
423	4.22000	0.373845	0.425717	1.731579	0.222511	0.142212	-0.026212	0.000000	0.000000	0.000000	
424	4.23000	0.282773	0.562337	1.642487	0.213775	0.114826	-0.021343	0.000000	0.000000	0.000000	
425	4.24000	0.442434	0.517104	2.531632	0.222717	0.178339	-0.021769	0.000000	0.000000	0.000000	
426	4.25000	0.351467	0.516838	2.175618	0.222576	0.151084	-0.007812	0.000000	0.000000	0.000000	
427	4.26000	0.374371	0.585243	2.531287	0.213734	0.160017	-0.007820	0.000000	0.000000	0.000000	
428	4.27000	0.418900	0.493741	1.648198	0.176782	0.223382	-0.035418	0.000000	0.000000	0.000000	
429	4.28000	0.487971	0.517595	2.529632	0.258996	0.151516	-0.012683	0.000000	0.000000	0.000000	
430	4.29000	0.418826	0.585493	1.735293	0.222179	0.205563	-0.021656	0.000000	0.000000	0.000000	
431	4.30000	0.533544	0.448022	2.001630	0.158789	0.178045	-0.012591	0.000000	0.000000	0.000000	
432	4.31000	0.351287	0.562181	1.999751	0.195372	0.159946	-0.012313	0.000000	0.000000	0.000000	
433	4.32000	0.373359	0.562592	1.556578	0.222271	0.178386	-0.021559	0.000000	0.000000	0.000000	
434	4.33000	0.328001	0.539780	1.732393	0.222743	0.151189	-0.035262	0.000000	0.000000	0.000000	
435	4.34000	0.442046	0.585339	2.178734	0.204373	0.196331	-0.021679	0.000000	0.000000	0.000000	
436	4.35000	0.441802	0.630678	1.646801	0.177183	0.169038	-0.021511	0.000000	0.000000	0.000000	
437	4.36000	0.351474	0.493894	2.176513	0.213355	0.169119	-0.007835	0.000000	0.000000	0.000000	
438	4.37000	0.419192	0.494449	1.909127	0.231864	0.142322	-0.035435	0.000000	0.000000	0.000000	
439	4.38000	0.373754	0.539917	2.087642	0.231716	0.169342	-0.026217	0.000000	0.000000	0.000000	
440	4.39000	0.351332	0.494072	2.087732	0.231285	0.178314	-0.003285	0.000000	0.000000	0.000000	
441	4.40000	0.487242	0.540315	2.089449	0.249380	0.214880	-0.021875	0.000000	0.000000	0.000000	
442	4.41000	0.351138	0.585367	1.999217	0.231431	0.169251	-0.003201	0.000000	0.000000	0.000000	
443	4.42000	0.419451	0.539888	2.176352	0.222698	0.160258	-0.021666	0.000000	0.000000	0.000000	
444	4.43000	0.373954	0.539776	2.265576	0.222630	0.178280	-0.021638	0.000000	0.000000	0.000000	
445	4.44000	0.373957	0.494228	1.998013	0.231616	0.151246	-0.017038	0.000000	0.000000	0.000000	
446	4.45000	0.419162	0.585223	1.912223	0.195378	0.178183	-0.026172	0.000000	0.000000	0.000000	
447	4.46000	0.487402	0.562910	1.732913	0.231458	0.151414	-0.012528	0.000000	0.000000	0.000000	
448	4.47000	0.487192	0.517267	1.643722	0.213804	0.133284	-0.044618	0.000000	0.000000	0.000000	
449	4.48000	0.396356	0.653693	2.179694	0.204350	0.214347	-0.021595	0.000000	0.000000	0.000000	
450	4.49000	0.374226	0.425519	1.998174	0.213350	0.151111	-0.012462	0.000000	0.000000	0.000000	
451	4.50000	0.487369	0.563243	2.087807	0.258675	0.178734	-0.017238	0.000000	0.000000	0.000000	
452	4.51000	0.283013	0.562091	2.088110	0.195572	0.159861	-0.021409	0.000000	0.000000	0.000000	
453	4.52000	0.487855	0.585640	2.532194	0.222732	0.178370	-0.017192	0.000000	0.000000	0.000000	
454	4.53000	0.351224	0.516845	2.088102	0.222386	0.178259	-0.012430	0.000000	0.000000	0.000000	
455	4.54000	0.396657	0.516649	1.912679	0.203835	0.205332	-0.003298	0.000000	0.000000	0.000000	
456	4.55000	0.396339	0.676734	2.000128	0.222670	0.169251	-0.016947	0.000000	0.000000	0.000000	
457	4.56000	0.441921	0.585560	2.088285	0.213834	0.160255	-0.035407	0.000000	0.000000	0.000000	
458	4.57000	0.373332	0.539655	1.467553	0.204403	0.160201	-0.035276	0.000000	0.000000	0.000000	
459	4.58000	0.419568	0.380268	2.086555	0.231544	0.160403	-0.026378	0.000000	0.000000	0.000000	
460	4.59000	0.373418	0.562886	1.733075	0.249470	0.178561	-0.017038	0.000000	0.000000	0.000000	
461	4.60000	0.419773	0.585376	2.442432	0.213797	0.151056	-0.012450	0.000000	0.000000	0.000000	
462	4.61000	0.327925	0.585310	1.733288	0.213684	0.160153	-0.035224	0.000000	0.000000	0.000000	
463	4.62000	0.441929	0.539902	2.089690	0.222302	0.205552	-0.021750	0.000000	0.000000	0.000000	
464	4.63000	0.328137	0.584924	1.735382	0.194996	0.196148	-0.012293	0.000000	0.000000	0.000000	
465	4.64000	0.487183	0.540409	2.177680	0.249681	0.205852	-0.035638	0.000000	0.000000	0.000000	
466	4.65000	0.418801	0.517140	1.556091	0.222443	0.169449	-0.035407	0.000000	0.000000	0.000000	
467	4.66000	0.419172	0.448765	2.087526	0.222826	0.169421	-0.049270	0.000000	0.000000	0.000000	
468	4.67000	0.487635	0.562391	1.913165	0.194876	0.196323	-0.003358	0.000000	0.000000	0.000000	
469	4.68000	0.487848	0.539708	2.266425	0.195489	0.169173	-0.021725	0.000000	0.000000	0.000000	
470	4.69000	0.350632	0.630704	1.735690	0.195236	0.196202	-0.026058	0.000000	0.000000	0.000000	
471	4.70000	0.373974	0.425612	2.443452	0.204695	0.196315	-0.049260	0.000000	0.000000	0.000000	
472	4.71000	0.442278	0.585237	2.089377	0.204212	0.178198	-0.003290	0.000000	0.000000	0.000000	
473	4.72000	0.351137	0.516815	1.909930	0.213560	0.151091	-0.021539	0.000000	0.000000	0.000000	
474	4.73000	0.396379	0.494271	1.911341	0.231282	0.196553	-0.021711	0.000000	0.000000	0.000000	
475	4.74000	0.351532	0.516629	2.088029	0.213152	0.169090	0.005957	0.000000	0.000000	0.000000	
476	4.75000	0.487651	0.494191	2.088996	0.204377	0.178348	-0.026361	0.000000	0.000000	0.000000	
477	4.76000	0.420545	0.493415	2.530663	0.159540	0.114417	-0.003190	0.000000	0.000000	0.000000	
478	4.77000	0.487308	0.517209	1.644644	0.222347	0.160444	-0.021726	0.000000	0.000000	0.000000	
479	4.78000	0.510623	0.494334	2.265353	0.213593	0.160312	-0.021810	0.000000	0.000000	0.000000	
480	4.79000	0.373302	0.676607	1.913159	0.213429	0.205385	-0.026119	0.000000	0.000000	0.000000	
481	4.80000	0.351102	0.585504	2.086682	0.231929	0.142136	-0.021529	0.000000	0.000000	0.000000	
482	4.81000	0.373957	0.494118	2.266081	0.222431	0.196393	-0.021695	0.000000	0.000000	0.000000	
483	4.82000	0.533017	0.449548	2.262415	0.268359	0.133698	-0.044886	0.000000	0.000000	0.000000	
484	4.83000	0.442234	0.561950	2.003560	0.167576	0.223180	-0.003290	0.000000	0.000000	0.000000	
485	4.84000	0.487460	0.539746	1.734716	0.204060	0.178355	-0.012529	0.000000	0.000000	0.000000	
486	4.85000	0.351016	0.562342	2.178629	0.204371	0.205274	-0.026176	0.000000	0.000000	0.000000	
487	4.86000	0.441823	0.494363	1.910992	0.222530	0.178481	-0.035497	0.000000	0.000000	0.000000	
488	4.87000	0.395897	0.516822	1.647299	0.195184	0.214473	-0.049162	0.000000	0.000000	0.000000	
489	4.88000	0.328644	0.493508	1.999795	0.177301	0.159815	-0.021475	0.000000	0.000000	0.000000	
490	4.89000	0.351390	0.425409	1.733087	0.221756	0.178282	0.010483	0.000000	0.000000	0.000000	
491	4.90000	0.328204	0.585571	2.175195	0.232234	0.142139	-0.039863	0.000000	0.000000	0.000000	
492	4.91000	0.373888	0.403332	1.908199	0.267529	0.160612	-0.012587	0.000000	0.000000	0.000000	
493	4.92000	0.419284	0.540346	2.263924	0.259026	0.160543	-0.026333	0.000000	0.000000	0.000000	
494	4.93000	0.328533	0.539031	2.001969	0.176841	0.205014	-0.007737	0.000000	0.000000	0.000000	
495	4.94000	0.419217	0.562303	2.091668	0.194915	0.232436	-0.017099	0.000000	0.000000	0.000000	
496	4.95000	0.351051	0.539535	1.734463	0.221841	0.196360	0.005950	0.000000	0.000000	0.000000	
497	4.96000	0.419876	0.517011	2.529908	0.214071	0.133000	-0.026249	0.000000	0.000000	0.000000	
498	4.97000	0.350814	0.653910	1.732518	0.231706	0.142148	-0.012270	0.000000	0.000000	0.000000	
499	4.98000	0.487600	0.539895	2.267410	0.213327	0.205515	-0.021809	0.000000	0.000000	0.000000	
500	4.99000	0.351062	0.494409	2.087685	0.258375	0.196640	-0.007951	0.000000	0.000000	0.000000	
501	5.00000	0.511040	0.494208	2.619811	0.204739	0.151122	-0.017223	0.000000	0.000000	0.000000	
502	5.01000	0.418896	0.540012	1.644613	0.231454	0.169476	-0.026238	0.000000	0.000000	0.000000	
503	5.02000	0.442447	0.516356	2.090804	0.167826	0.196043	-0.007882	0.000000	0.000000	0.000000	
504	5.03000	0.282803	0.562138	1.733304	0.204308	0.159965	-0.012216	0.000000	0.000000	0.000000	
505	5.04000	0.373640	0.562612	2.089167	0.222490	0.196413	-0.026220	0.000000	0.000000	0.000000	
506	5.05000	0.373271	0.517279	1.733938	0.249328	0.205748	-0.026285	0.000000	0.000000	0.000000	
507	5.06000	0.396659	0.517602	2.263213	0.276927	0.160625	-0.012586	0.000000	0.000000	0.000000	
508	5.07000	0.396086	0.630874	1.735087	0.195476	0.178190	-0.035273	0.000000	0.000000	0.000000	
509	5.08000	0.373392	0.539839	1.912118	0.222417	0.205522	-0.035411	0.000000	0.000000	0.000000	
510	5.09000	0.509791	0.585902	1.557228	0.249030	0.196834	-0.003444	0.000000	0.000000	0.000000	
511	5.10000	0.533444	0.517210	2.087304	0.222461	0.142289	-0.003444	0.000000	0.000000	0.000000	
512	5.11000	0.396714	0.493808	2.090069	0.195032	0.205275	-0.017081	0.000000	0.000000	0.000000	
513	5.12000	0.397254	0.584581	2.268340	0.167728	0.195871	0.015157	0.000000	0.000000	0.000000	
514	5.13000	0.487384	0.540055	1.911960	0.231185	0.196641	-0.012622	0.000000	0.000000	0.000000	
515	5.14000	0.418745	0.631220	2.001815	0.222506	0.214593	-0.035428	0.000000	0.000000	0.000000	
516	5.15000	0.396142	0.539967	1.911050	0.222734	0.178429	-0.044583	0.000000	0.000000	0.000000	
517	5.16000	0.328286	0.448254	1.644311	0.213132	0.169209	-0.016968	0.000000	0.000000	0.000000	
518	5.17000	0.373599	0.562457	1.734133	0.213253	0.178274	-0.016969	0.000000	0.000000	0.000000	
519	5.18000	0.420013	0.494039	2.620355	0.213503	0.178192	-0.007977	0.000000	0.000000	0.000000	
520	5.19000	0.350311	0.585391	1.290685	0.222228	0.178402	-0.026079	0.000000	0.000000	0.000000	
521	5.20000	0.442782	0.584962	2.532606	0.177490	0.159825	-0.007842	0.000000	0.000000	0.000000	
522	5.21000	0.373502	0.562025	1.380629	0.176840	0.178044	-0.016868	0.000000	0.000000	0.000000	
523	5.22000	0.396610	0.562800	1.908313	0.231985	0.115085	-0.021553	0.000000	0.000000	0.000000	
524	5.23000	0.419058	0.539929	1.912068	0.231206	0.205608	-0.017132	0.000000	0.000000	0.000000	
525	5.24000	0.373531	0.540405	2.175204	0.268106	0.169639	-0.035473	0.000000	0.000000	0.000000	
526	5.25000	0.441485	0.654147	1.912764	0.231479	0.205630	-0.026261	0.000000	0.000000	0.000000	
527	5.26000	0.441921	0.516974	1.644745	0.213249	0.160297	-0.017059	0.000000	0.000000	0.000000	
528	5.27000	0.419625	0.562258	2.090330	0.203802	0.205286	0.010455	0.000000	0.000000	0.000000	
529	5.28000	0.329004	0.539506	2.530484	0.213757	0.150918	-0.007780	0.000000	0.000000	0.000000	
530	5.29000	0.419034	0.516927	1.734802	0.213098	0.196462	-0.021675	0.000000	0.000000	0.000000	
531	5.30000	0.487442	0.631180	2.000488	0.213516	0.169320	-0.017083	0.000000	0.000000	0.000000	
532	5.31000	0.419735	0.493971	2.176650	0.204402	0.160104	-0.012485	0.000000	0.000000	0.000000	
533	5.32000	0.487428	0.585574	2.177732	0.204805	0.169294	-0.040060	0.000000	0.000000	0.000000	
534	5.33000	0.396617	0.539664	1.911007	0.213315	0.169222	-0.012429	0.000000	0.000000	0.000000	
535	5.34000	0.328406	0.585282	1.998618	0.222644	0.151072	-0.012307	0.000000	0.000000	0.000000	
536	5.35000	0.328325	0.539724	1.999236	0.231432	0.178307	-0.012393	0.000000	0.000000	0.000000	
537	5.36000	0.510722	0.380735	2.619476	0.258632	0.196846	-0.022058	0.000000	0.000000	0.000000	
538	5.37000	0.441815	0.539812	1.734258	0.213256	0.178388	-0.021665	0.000000	0.000000	0.000000	
539	5.38000	0.373982	0.425350	2.089584	0.195070	0.205288	-0.026277	0.000000	0.000000	0.000000	
540	5.39000	0.328336	0.562518	1.998471	0.222736	0.151103	-0.021501	0.000000	0.000000	0.000000	
541	5.40000	0.373936	0.402677	2.000687	0.212907	0.214478	-0.017154	0.000000	0.000000	0.000000	
542	5.41000	0.373743	0.516752	2.000804	0.204269	0.196297	-0.026210	0.000000	0.000000	0.000000	
543	5.42000	0.419665	0.493970	2.088009	0.204354	0.160118	-0.012478	0.000000	0.000000	0.000000	
544	5.43000	0.374092	0.562476	2.265220	0.213680	0.160090	-0.016991	0.000000	0.000000	0.000000	
545	5.44000	0.374215	0.493817	2.266640	0.204137	0.196213	-0.007893	0.000000	0.000000	0.000000	
546	5.45000	0.327817	0.585175	1.735967	0.213026	0.223465	-0.021543	0.000000	0.000000	0.000000	
547	5.46000	0.373946	0.517044	2.087158	0.231628	0.160275	-0.017042	0.000000	0.000000	0.000000	
548	5.47000	0.396485	0.562525	2.089529	0.213365	0.196361	-0.021644	0.000000	0.000000	0.000000	
549	5.48000	0.442078	0.539414	1.912587	0.177197	0.178085	-0.026200	0.000000	0.000000	0.000000	
550	5.49000	0.442102	0.516917	1.733405	0.213174	0.160259	-0.007888	0.000000	0.000000	0.000000	
551	5.50000	0.373963	0.425435	2.000310	0.204081	0.196312	-0.021685	0.000000	0.000000	0.000000	
552	5.51000	0.351200	0.539325	2.090157	0.195051	0.205187	-0.012399	0.000000	0.000000	0.000000	
553	5.52000	0.328090	0.539487	1.734979	0.212974	0.205355	-0.012372	0.000000	0.000000	0.000000	
554	5.53000	0.532782	0.653962	1.735141	0.204267	0.169334	-0.012497	0.000000	0.000000	0.000000	
555	5.54000	0.396458	0.539960	2.088107	0.231639	0.178424	-0.026259	0.000000	0.000000	0.000000	
556	5.55000	0.351398	0.562123	1.999771	0.195249	0.159921	-0.003135	0.000000	0.000000	0.000000	
557	5.56000	0.396544	0.539536	1.912407	0.204058	0.196300	-0.012449	0.000000	0.000000	0.000000	
558	5.57000	0.350895	0.516788	1.468161	0.230655	0.196469	0.010529	0.000000	0.000000	0.000000	
559	5.58000	0.397169	0.516890	2.531499	0.222488	0.178228	-0.003351	0.000000	0.000000	0.000000	
560	5.59000	0.260305	0.493724	1.998875	0.213355	0.169033	-0.012288	0.000000	0.000000	0.000000	
561	5.60000	0.419596	0.517270	2.530115	0.232169	0.151267	-0.035487	0.000000	0.000000	0.000000	
562	5.61000	0.396638	0.631105	2.176401	0.222839	0.151137	-0.016971	0.000000	0.000000	0.000000	
563	5.62000	0.351260	0.493847	2.266000	0.195597	0.178083	-0.035356	0.000000	0.000000	0.000000	
564	5.63000	0.373938	0.494591	2.441537	0.258943	0.178564	-0.026345	0.000000	0.000000	0.000000	
565	5.64000	0.419311	0.562605	2.266887	0.213515	0.196376	-0.026279	0.000000	0.000000	0.000000	
566	5.65000	0.419258	0.517004	1.733044	0.222299	0.160311	-0.012465	0.000000	0.000000	0.000000	
567	5.66000	0.283196	0.630166	2.267340	0.168342	0.177673	-0.012171	0.000000	0.000000	0.000000	
568	5.67000	0.373564	0.562839	2.000142	0.249352	0.205655	-0.012509	0.000000	0.000000	0.000000	
569	5.68000	0.510369	0.448781	1.998770	0.213636	0.151354	-0.035574	0.000000	0.000000	0.000000	
570	5.69000	0.373598	0.539759	1.911770	0.222299	0.196436	-0.021631	0.000000	0.000000	0.000000	
571	5.70000	0.395840	0.585451	1.647691	0.221999	0.232707	-0.026244	0.000000	0.000000	0.000000	
572	5.71000	0.442159	0.494076	1.910795	0.204371	0.160202	-0.021671	0.000000	0.000000	0.000000	
573	5.72000	0.259606	0.654204	2.086256	0.259403	0.151303	-0.039781	0.000000	0.000000	0.000000	
574	5.73000	0.442105	0.494542	2.087530	0.249482	0.178607	-0.012619	0.000000	0.000000	0.000000	
575	5.74000	0.374187	0.517364	2.618586	0.259017	0.169455	-0.017154	0.000000	0.000000	0.000000	
576	5.75000	0.396826	0.562430	2.088434	0.213321	0.169163	-0.003250	0.000000	0.000000	0.000000	
577	5.76000	0.579027	0.539502	2.089937	0.168074	0.160027	-0.007999	0.000000	0.000000	0.000000	
578	5.77000	0.487554	0.699691	2.266922	0.222620	0.178354	-0.007910	0.000000	0.000000	0.000000	
579	5.78000	0.419340	0.448355	1.911970	0.204046	0.196383	-0.021721	0.000000	0.000000	0.000000	
580	5.79000	0.282784	0.630485	1.911984	0.195310	0.177944	-0.012191	0.000000	0.000000	0.000000	
581	5.80000	0.419614	0.494016	2.266027	0.204439	0.178213	-0.021696	0.000000	0.000000	0.000000	
582	5.81000	0.486851	0.722888	1.734391	0.249647	0.178671	-0.017077	0.000000	0.000000	0.000000	
583	5.82000	0.419097	0.539646	2.090357	0.195395	0.205354	-0.040025	0.000000	0.000000	0.000000	
584	5.83000	0.442064	0.562585	1.911307	0.213329	0.169279	-0.012474	0.000000	0.000000	0.000000	
585	5.84000	0.419126	0.562452	2.001996	0.204117	0.214434	-0.021674	0.000000	0.000000	0.000000	
586	5.85000	0.419465	0.517006	1.998965	0.222445	0.160269	-0.012488	0.000000	0.000000	0.000000	
587	5.86000	0.488149	0.562129	2.266997	0.168239	0.159865	-0.007877	0.000000	0.000000	0.000000	
588	5.87000	0.419185	0.584860	1.469600	0.176717	0.178050	-0.003152	0.000000	0.000000	0.000000	
589	5.88000	0.419555	0.516792	1.999495	0.204337	0.160125	-0.012454	0.000000	0.000000	0.000000	
590	5.89000	0.396136	0.585464	1.646332	0.231009	0.205581	-0.007868	0.000000	0.000000	0.000000	
591	5.90000	0.396819	0.516387	2.090734	0.176893	0.205113	-0.012441	0.000000	0.000000	0.000000	
592	5.91000	0.373750	0.630669	2.001729	0.195188	0.196155	-0.012345	0.000000	0.000000	0.000000	
593	5.92000	0.488002	0.448389	2.178192	0.203918	0.196387	-0.003479	0.000000	0.000000	0.000000	
594	5.93000	0.396716	0.517153	2.264505	0.231840	0.160303	-0.026267	0.000000	0.000000	0.000000	
595	5.94000	0.487554	0.562246	1.735636	0.176928	0.178133	-0.012461	0.000000	0.000000	0.000000	
596	5.95000	0.351300	0.653674	2.443685	0.213716	0.178091	-0.012348	0.000000	0.000000	0.000000	
597	5.96000	0.396797	0.494338	2.264001	0.231876	0.151260	-0.026271	0.000000	0.000000	0.000000	
598	5.97000	0.373387	0.539629	1.735889	0.212945	0.223541	-0.021635	0.000000	0.000000	0.000000	
599	5.98000	0.396171	0.700022	2.087448	0.259097	0.160480	-0.021585	0.000000	0.000000	0.000000	
600	5.99000	0.419064	0.562706	1.733275	0.222486	0.160322	-0.021611	0.000000	0.000000	0.000000	
601	6.00000	0.328871	0.516624	2.174014	0.196074	0.096588	-0.026013	0.000000	0.000000	0.000000	
602	6.01000	0.441460	0.631079	1.646355	0.204464	0.178339	-0.035343	0.000000	0.000000	0.000000	
603	6.02000	0.556498	0.402918	2.533131	0.204017	0.205500	-0.008235	0.000000	0.000000	0.000000	
604	6.03000	0.373311	0.539661	1.380336	0.221754	0.205534	-0.007829	0.000000	0.000000	0.000000	
605	6.04000	0.396575	0.562682	2.177661	0.231399	0.196466	-0.012508	0.000000	0.000000	0.000000	
606	6.05000	0.350923	0.630717	1.733430	0.195580	0.141892	-0.021396	0.000000	0.000000	0.000000	
607	6.06000	0.328122	0.585413	2.088865	0.231533	0.196403	-0.021572	0.000000	0.000000	0.000000	
608	6.07000	0.374230	0.402624	1.910185	0.213011	0.169207	-0.003317	0.000000	0.000000	0.000000	
609	6.08000	0.419397	0.493788	1.645848	0.194797	0.178192	-0.003267	0.000000	0.000000	0.000000	
610	6.09000	0.351172	0.539589	2.088483	0.213425	0.178193	-0.016986	0.000000	0.000000	0.000000	
611	6.10000	0.328441	0.539487	1.910757	0.213281	0.169116	-0.007749	0.000000	0.000000	0.000000	
612	6.11000	0.373972	0.539609	2.088580	0.213354	0.178212	-0.012427	0.000000	0.000000	0.000000	
613	6.12000	0.419591	0.494084	1.998726	0.213427	0.151154	-0.012475	0.000000	0.000000	0.000000	
614	6.13000	0.373783	0.585311	2.089712	0.222207	0.205407	-0.007860	0.000000	0.000000	0.000000	
615	6.14000	0.510087	0.517252	1.734650	0.230985	0.196695	-0.008063	0.000000	0.000000	0.000000	
616	6.15000	0.441482	0.562539	1.470374	0.212679	0.223647	-0.012508	0.000000	0.000000	0.000000	
617	6.16000	0.419719	0.539293	2.089055	0.177254	0.159890	-0.012393	0.000000	0.000000	0.000000	
618	6.17000	0.555008	0.563199	1.289920	0.231496	0.151640	-0.035526	0.000000	0.000000	0.000000	
619	6.18000	0.374010	0.562723	2.620746	0.231837	0.196400	-0.026285	0.000000	0.000000	0.000000	
620	6.19000	0.328152	0.539536	1.733834	0.213239	0.178218	-0.016924	0.000000	0.000000	0.000000	
621	6.20000	0.373757	0.630927	2.089974	0.222209	0.205382	-0.003238	0.000000	0.000000	0.000000	
622	6.21000	0.396583	0.494629	2.086837	0.267547	0.178675	-0.008004	0.000000	0.000000	0.000000	
623	6.22000	0.441670	0.448481	1.646483	0.204008	0.205543	-0.035508	0.000000	0.000000	0.000000	
624	6.23000	0.373663	0.539760	1.999510	0.213682	0.169237	-0.035353	0.000000	0.000000	0.000000	
625	6.24000	0.351026	0.494157	1.910421	0.231373	0.178378	-0.017037	0.000000	0.000000	0.000000	
626	6.25000	0.328247	0.539514	1.733465	0.213245	0.169156	-0.012323	0.000000	0.000000	0.000000	
627	6.26000	0.442071	0.562814	2.533890	0.231429	0.232695	-0.021828	0.000000	0.000000	0.000000	
628	6.27000	0.260402	0.493867	2.531046	0.213888	0.178058	-0.035293	0.000000	0.000000	0.000000	
629	6.28000	0.351353	0.585141	2.265523	0.204666	0.159980	-0.016928	0.000000	0.000000	0.000000	
630	6.29000	0.374060	0.516532	1.734207	0.203764	0.178143	0.010552	0.000000	0.000000	0.000000	
631	6.30000	0.351275	0.516717	1.643815	0.222037	0.151120	0.010592	0.000000	0.000000	0.000000	
632	6.31000	0.350213	0.494101	1.558587	0.213096	0.232674	-0.049169	0.000000	0.000000	0.000000	
633	6.32000	0.419285	0.425878	2.087798	0.222603	0.178454	-0.040120	0.000000	0.000000	0.000000	
634	6.33000	0.373880	0.631046	2.533136	0.222699	0.205360	-0.021635	0.000000	0.000000	0.000000	
635	6.34000	0.418838	0.539993	1.732586	0.213967	0.142242	-0.053710	0.000000	0.000000	0.000000	
636	6.35000	0.396490	0.517218	1.732184	0.249348	0.160470	-0.003308	0.000000	0.000000	0.000000	
637	6.36000	0.373585	0.425568	1.645474	0.213002	0.196453	-0.026260	0.000000	0.000000	0.000000	
638	6.37000	0.419042	0.562856	1.732244	0.231737	0.142306	-0.026193	0.000000	0.000000	0.000000	
639	6.38000	0.328148	0.516515	1.734984	0.195025	0.196193	-0.021519	0.000000	0.000000	0.000000	
640	6.39000	0.487150	0.585702	2.000554	0.213756	0.178455	-0.044663	0.000000	0.000000	0.000000	
641	6.40000	0.487471	0.517319	1.910301	0.231548	0.160473	-0.021767	0.000000	0.000000	0.000000	
642	6.41000	0.418725	0.562670	1.556985	0.213384	0.178414	-0.035370	0.000000	0.000000	0.000000	
643	6.42000	0.351584	0.539381	2.175771	0.195641	0.132775	-0.012308	0.000000	0.000000	0.000000	
644	6.43000	0.396175	0.516595	1.381081	0.194612	0.205369	-0.012412	0.000000	0.000000	0.000000	
645	6.44000	0.373741	0.516993	1.910121	0.222600	0.160256	-0.026188	0.000000	0.000000	0.000000	
646	6.45000	0.396857	0.494326	2.442039	0.231839	0.169331	-0.026311	0.000000	0.000000	0.000000	
647	6.46000	0.441988	0.562605	2.267218	0.204575	0.196360	-0.035471	0.000000	0.000000	0.000000	
648	6.47000	0.373598	0.630961	1.911404	0.213574	0.169188	-0.021513	0.000000	0.000000	0.000000	
649	6.48000	0.328371	0.562398	2.088133	0.213595	0.169117	-0.021517	0.000000	0.000000	0.000000	
650	6.49000	0.328501	0.630938	2.444098	0.231476	0.205334	-0.003227	0.000000	0.000000	0.000000	
651	6.50000	0.260184	0.562449	2.086597	0.231804	0.151054	-0.016847	0.000000	0.000000	0.000000	
652	6.51000	0.351903	0.448041	2.175810	0.204125	0.150913	0.010532	0.000000	0.000000	0.000000	
653	6.52000	0.487191	0.631739	2.088174	0.258831	0.178725	-0.021779	0.000000	0.000000	0.000000	
654	6.53000	0.442480	0.539761	2.443402	0.213522	0.178251	-0.012549	0.000000	0.000000	0.000000	
655	6.54000	0.373672	0.449184	1.907399	0.276967	0.142607	-0.026315	0.000000	0.000000	0.000000	
656	6.55000	0.486902	0.585889	2.001539	0.231594	0.214797	-0.044746	0.000000	0.000000	0.000000	
657	6.56000	0.351214	0.493872	1.999466	0.204388	0.169111	-0.021570	0.000000	0.000000	0.000000	
658	6.57000	0.419115	0.562485	1.734183	0.204309	0.169228	-0.021589	0.000000	0.000000	0.000000	
659	6.58000	0.419561	0.448387	2.266521	0.204303	0.196338	-0.026342	0.000000	0.000000	0.000000	
660	6.59000	0.441998	0.630909	1.911436	0.195573	0.151040	-0.021545	0.000000	0.000000	0.000000	
661	6.60000	0.442316	0.517194	2.264699	0.231699	0.160342	-0.017149	0.000000	0.000000	0.000000	
662	6.61000	0.487261	0.517643	2.088291	0.258600	0.196871	-0.026473	0.000000	0.000000	0.000000	
663	6.62000	0.373740	0.449009	2.174965	0.258925	0.169595	-0.035520	0.000000	0.000000	0.000000	
664	6.63000	0.351107	0.630790	2.000376	0.213317	0.178144	-0.003146	0.000000	0.000000	0.000000	
665	6.64000	0.350940	0.585767	1.908627	0.258872	0.142355	-0.012386	0.000000	0.000000	0.000000	
666	6.65000	0.373800	0.517271	1.909492	0.258442	0.169532	-0.003323	0.000000	0.000000	0.000000	
667	6.66000	0.328638	0.516823	2.086502	0.222666	0.142029	-0.012351	0.000000	0.000000	0.000000	
668	6.67000	0.396907	0.516720	1.999040	0.204351	0.151032	-0.007822	0.000000	0.000000	0.000000	
669	6.68000	0.328428	0.539168	2.000793	0.177291	0.177913	-0.026057	0.000000	0.000000	0.000000	
670	6.69000	0.328623	0.539316	1.999159	0.195417	0.150871	-0.012287	0.000000	0.000000	0.000000	
671	6.70000	0.488019	0.448174	2.089180	0.177094	0.169073	-0.017150	0.000000	0.000000	0.000000	
672	6.71000	0.441740	0.494639	1.732181	0.249607	0.160601	-0.026331	0.000000	0.000000	0.000000	
673	6.72000	0.419274	0.562467	2.089880	0.204301	0.196321	-0.021657	0.000000	0.000000	0.000000	
674	6.73000	0.419169	0.539513	1.733287	0.177694	0.132882	-0.044450	0.000000	0.000000	0.000000	
675	6.74000	0.442213	0.494178	2.088190	0.213455	0.169295	-0.021716	0.000000	0.000000	0.000000	
676	6.75000	0.351319	0.516823	2.087734	0.222392	0.169198	-0.007829	0.000000	0.000000	0.000000	
677	6.76000	0.419738	0.630865	2.531833	0.195924	0.150910	-0.021569	0.000000	0.000000	0.000000	
678	6.77000	0.350949	0.562710	1.909265	0.231862	0.142183	-0.026118	0.000000	0.000000	0.000000	
679	6.78000	0.419386	0.494115	2.087959	0.204662	0.160179	-0.035424	0.000000	0.000000	0.000000	
680	6.79000	0.350718	0.585448	2.001068	0.231340	0.214548	-0.021619	0.000000	0.000000	0.000000	
681	6.80000	0.373904	0.585283	2.177462	0.213528	0.178197	-0.016992	0.000000	0.000000	0.000000	
682	6.81000	0.442036	0.402967	1.911654	0.222015	0.205621	-0.021831	0.000000	0.000000	0.000000	
683	6.82000	0.510381	0.539514	2.090373	0.168336	0.178104	-0.035468	0.000000	0.000000	0.000000	
684	6.83000	0.328046	0.540048	2.088587	0.258436	0.214718	-0.017091	0.000000	0.000000	0.000000	
685	6.84000	0.374192	0.562275	2.176352	0.195658	0.141862	-0.016924	0.000000	0.000000	0.000000	
686	6.85000	0.396478	0.516575	1.646634	0.194764	0.196265	-0.007834	0.000000	0.000000	0.000000	
687	6.86000	0.374541	0.516927	2.618519	0.222940	0.142008	-0.012458	0.000000	0.000000	0.000000	
688	6.87000	0.419209	0.584985	1.735103	0.177178	0.169006	-0.021521	0.000000	0.000000	0.000000	
689	6.88000	0.351111	0.653698	1.998968	0.213743	0.141962	-0.012259	0.000000	0.000000	0.000000	
690	6.89000	0.396273	0.631092	2.089119	0.213780	0.178277	-0.035339	0.000000	0.000000	0.000000	
691	6.90000	0.351069	0.562861	2.086415	0.249877	0.151324	-0.017002	0.000000	0.000000	0.000000	
692	6.91000	0.350644	0.539662	2.002072	0.213217	0.232554	-0.035408	0.000000	0.000000	0.000000	
693	6.92000	0.441782	0.563167	2.087100	0.250020	0.160548	-0.035493	0.000000	0.000000	0.000000	
694	6.93000	0.510326	0.539137	1.648507	0.149540	0.196070	-0.012472	0.000000	0.000000	0.000000	
695	6.94000	0.373464	0.562472	1.734880	0.213179	0.196386	-0.021582	0.000000	0.000000	0.000000	
696	6.95000	0.351380	0.493721	1.910354	0.195296	0.150930	-0.012341	0.000000	0.000000	0.000000	
697	6.96000	0.419327	0.562679	1.999207	0.222570	0.160267	-0.017045	0.000000	0.000000	0.000000	
698	6.97000	0.373661	0.494588	2.086975	0.258748	0.178621	-0.026313	0.000000	0.000000	0.000000	
699	6.98000	0.510261	0.517326	1.999795	0.231390	0.178578	-0.017240	0.000000	0.000000	0.000000	
700	6.99000	0.441737	0.585473	1.912537	0.213343	0.196457	-0.026262	0.000000	0.000000	0.000000	
701	7.00000	0.328001	0.517261	1.999432	0.258485	0.205702	-0.021677	0.000000	0.000000	0.000000	
702	7.01000	0.487808	0.540008	2.265263	0.222658	0.160326	-0.017176	0.000000	0.000000	0.000000	
703	7.02000	0.351311	0.425622	2.086299	0.213784	0.142077	-0.035374	0.000000	0.000000	0.000000	
704	7.03000	0.350472	0.516952	1.735381	0.222162	0.223625	-0.035406	0.000000	0.000000	0.000000	
705	7.04000	0.532721	0.563598	1.998044	0.276914	0.160867	-0.021890	0.000000	0.000000	0.000000	
706	7.05000	0.486986	0.563008	1.912792	0.231390	0.214794	-0.035576	0.000000	0.000000	0.000000	
707	7.06000	0.487959	0.494736	2.441255	0.258787	0.160574	-0.008115	0.000000	0.000000	0.000000	
708	7.07000	0.351059	0.516801	1.910687	0.213425	0.169190	-0.021563	0.000000	0.000000	0.000000	
709	7.08000	0.373740	0.562410	2.000299	0.204468	0.178184	-0.026153	0.000000	0.000000	0.000000	
710	7.09000	0.373254	0.539531	1.736378	0.195083	0.223447	-0.039957	0.000000	0.000000	0.000000	
711	7.10000	0.397134	0.402848	2.264171	0.222443	0.160229	-0.012562	0.000000	0.000000	0.000000	
712	7.11000	0.350967	0.585148	1.999826	0.195713	0.159999	-0.035244	0.000000	0.000000	0.000000	
713	7.12000	0.350963	0.493557	1.734562	0.168271	0.168916	-0.039834	0.000000	0.000000	0.000000	
714	7.13000	0.351148	0.516893	1.909676	0.222553	0.151151	-0.016967	0.000000	0.000000	0.000000	
715	7.14000	0.442303	0.517536	2.263671	0.267731	0.160592	-0.003450	0.000000	0.000000	0.000000	
716	7.15000	0.373776	0.516873	1.999783	0.213459	0.178270	-0.026203	0.000000	0.000000	0.000000	
717	7.16000	0.488134	0.425934	2.441526	0.222727	0.151295	-0.021849	0.000000	0.000000	0.000000	
718	7.17000	0.396438	0.630858	1.733737	0.204425	0.151053	-0.012307	0.000000	0.000000	0.000000	
719	7.18000	0.419349	0.562158	1.912636	0.177176	0.178035	-0.021565	0.000000	0.000000	0.000000	
720	7.19000	0.350863	0.494048	1.644764	0.222173	0.178349	-0.016996	0.000000	0.000000	0.000000	
721	7.20000	0.441874	0.540123	2.087882	0.231812	0.169461	-0.035486	0.000000	0.000000	0.000000	
722	7.21000	0.373891	0.516960	2.086889	0.213902	0.142081	-0.035340	0.000000	0.000000	0.000000	
723	7.22000	0.328329	0.517153	2.086833	0.249688	0.169405	-0.017029	0.000000	0.000000	0.000000	
724	7.23000	0.419578	0.516835	1.998728	0.204534	0.142038	-0.017018	0.000000	0.000000	0.000000	
725	7.24000	0.532697	0.517202	1.735226	0.213114	0.196632	-0.026415	0.000000	0.000000	0.000000	
726	7.25000	0.442286	0.630684	2.267284	0.177524	0.168940	-0.021566	0.000000	0.000000	0.000000	
727	7.26000	0.282887	0.493857	1.731506	0.213594	0.132932	-0.021424	0.000000	0.000000	0.000000	
728	7.27000	0.374019	0.562654	2.265079	0.231660	0.169271	-0.012449	0.000000	0.000000	0.000000	
729	7.28000	0.532714	0.540642	2.087436	0.258940	0.169802	-0.035659	0.000000	0.000000	0.000000	
730	7.29000	0.396406	0.539617	2.001395	0.204224	0.205372	-0.026236	0.000000	0.000000	0.000000	
731	7.30000	0.282882	0.493733	2.089872	0.212989	0.223348	-0.012399	0.000000	0.000000	0.000000	
732	7.31000	0.328244	0.494277	1.731787	0.249405	0.160394	-0.007823	0.000000	0.000000	0.000000	
733	7.32000	0.374946	0.401979	2.532634	0.158958	0.177729	-0.003280	0.000000	0.000000	0.000000	
734	7.33000	0.533649	0.539865	2.531898	0.204615	0.160192	-0.012636	0.000000	0.000000	0.000000	
735	7.34000	0.442404	0.539826	2.442103	0.205047	0.142041	-0.035429	0.000000	0.000000	0.000000	
736	7.35000	0.373994	0.494477	1.906951	0.250014	0.106155	-0.017004	0.000000	0.000000	0.000000	
737	7.36000	0.351001	0.448375	1.644522	0.222048	0.178350	-0.012439	0.000000	0.000000	0.000000	
738	7.37000	0.442026	0.539860	1.643869	0.222347	0.142238	-0.007857	0.000000	0.000000	0.000000	
739	7.38000	0.442632	0.402654	2.176487	0.195274	0.160103	-0.017152	0.000000	0.000000	0.000000	
740	7.39000	0.373143	0.654425	1.731760	0.259169	0.142455	-0.035299	0.000000	0.000000	0.000000	
741	7.40000	0.441892	0.539974	2.088012	0.213894	0.160292	-0.044618	0.000000	0.000000	0.000000	
742	7.41000	0.374080	0.517029	2.086411	0.231702	0.142164	-0.012429	0.000000	0.000000	0.000000	
743	7.42000	0.487563	0.631135	1.911111	0.213479	0.151210	-0.007872	0.000000	0.000000	0.000000	
744	7.43000	0.555172	0.722450	1.647578	0.195367	0.178374	-0.026234	0.000000	0.000000	0.000000	
745	7.44000	0.487245	0.586179	1.996847	0.250447	0.115394	-0.044646	0.000000	0.000000	0.000000	
746	7.45000	0.487140	0.631086	1.734677	0.195576	0.160217	-0.035369	0.000000	0.000000	0.000000	
747	7.46000	0.419476	0.539882	2.264470	0.214013	0.142109	-0.035400	0.000000	0.000000	0.000000	
748	7.47000	0.328273	0.539492	1.644457	0.213202	0.160108	-0.007713	0.000000	0.000000	0.000000	
749	7.48000	0.282610	0.493922	1.734413	0.230909	0.214486	-0.007801	0.000000	0.000000	0.000000	
750	7.49000	0.373551	0.585328	1.644473	0.213500	0.151145	-0.021497	0.000000	0.000000	0.000000	
751	7.50000	0.374265	0.493334	1.911877	0.159002	0.159725	-0.012315	0.000000	0.000000	0.000000	
752	7.51000	0.487057	0.631946	2.087123	0.268206	0.160734	-0.035540	0.000000	0.000000	0.000000	
753	7.52000	0.442060	0.585851	2.086899	0.249811	0.151431	-0.012518	0.000000	0.000000	0.000000	
754	7.53000	0.510685	0.562176	2.001162	0.168084	0.159939	-0.007884	0.000000	0.000000	0.000000	
755	7.54000	0.374096	0.585109	1.999341	0.204394	0.150968	-0.003154	0.000000	0.000000	0.000000	
756	7.55000	0.442474	0.585484	2.531139	0.213960	0.151098	-0.021667	0.000000	0.000000	0.000000	
757	7.56000	0.373826	0.516766	2.000948	0.213071	0.205382	-0.012472	0.000000	0.000000	0.000000	
758	7.57000	0.442202	0.539999	1.998157	0.231658	0.142266	-0.012495	0.000000	0.000000	0.000000	
759	7.58000	0.510149	0.586067	2.266446	0.258530	0.205867	-0.012716	0.000000	0.000000	0.000000	
760	7.59000	0.488381	0.539132	2.088750	0.159073	0.132643	0.005944	0.000000	0.000000	0.000000	
761	7.60000	0.350751	0.562516	2.267208	0.204790	0.205332	-0.053719	0.000000	0.000000	0.000000	
762	7.61000	0.283123	0.584863	2.087878	0.195547	0.150780	-0.012202	0.000000	0.000000	0.000000	
763	7.62000	0.328164	0.631336	2.176227	0.258820	0.178466	-0.012397	0.000000	0.000000	0.000000	
764	7.63000	0.442148	0.493916	1.644780	0.195114	0.151099	-0.012439	0.000000	0.000000	0.000000	
765	7.64000	0.328477	0.516751	2.444325	0.213450	0.214335	-0.026231	0.000000	0.000000	0.000000	
766	7.65000	0.374188	0.561776	2.178789	0.150306	0.168677	-0.026053	0.000000	0.000000	0.000000	
767	7.66000	0.374010	0.516853	2.176696	0.213562	0.169180	-0.021617	0.000000	0.000000	0.000000	
768	7.67000	0.419214	0.631159	1.910188	0.222752	0.142162	-0.016965	0.000000	0.000000	0.000000	
769	7.68000	0.396422	0.494295	2.088990	0.231373	0.205586	-0.026328	0.000000	0.000000	0.000000	
770	7.69000	0.442425	0.539593	2.176864	0.195532	0.151013	-0.017043	0.000000	0.000000	0.000000	
771	7.70000	0.487332	0.540600	2.086639	0.267956	0.160737	-0.026425	0.000000	0.000000	0.000000	
772	7.71000	0.373620	0.539720	1.644734	0.222233	0.169305	-0.012393	0.000000	0.000000	0.000000	
773	7.72000	0.350636	0.539825	1.912544	0.231222	0.223637	-0.026245	0.000000	0.000000	0.000000	
774	7.73000	0.396584	0.585039	2.000150	0.177653	0.150869	-0.035257	0.000000	0.000000	0.000000	
775	7.74000	0.419341	0.540088	1.643153	0.258197	0.151483	0.015037	0.000000	0.000000	0.000000	
776	7.75000	0.419080	0.493990	1.735319	0.203944	0.205447	-0.021686	0.000000	0.000000	0.000000	
777	7.76000	0.419766	0.562321	2.088428	0.204202	0.160049	0.005928	0.000000	0.000000	0.000000	
778	7.77000	0.487697	0.494277	2.087462	0.204771	0.142174	-0.035490	0.000000	0.000000	0.000000	
779	7.78000	0.350664	0.539475	1.379623	0.203981	0.178234	-0.016906	0.000000	0.000000	0.000000	
780	7.79000	0.351328	0.585340	2.175607	0.222800	0.142026	-0.012341	0.000000	0.000000	0.000000	
781	7.80000	0.327972	0.539659	1.734316	0.222220	0.196401	-0.021555	0.000000	0.000000	0.000000	
782	7.81000	0.442424	0.493919	1.999342	0.195309	0.151042	-0.012470	0.000000	0.000000	0.000000	
783	7.82000	0.374137	0.516972	2.620759	0.222719	0.196342	-0.026300	0.000000	0.000000	0.000000	
784	7.83000	0.419312	0.516910	1.643911	0.213331	0.142154	-0.012415	0.000000	0.000000	0.000000	
785	7.84000	0.441902	0.539953	1.644362	0.231266	0.160409	-0.007899	0.000000	0.000000	0.000000	
786	7.85000	0.442024	0.539880	2.089322	0.222308	0.196490	-0.017149	0.000000	0.000000	0.000000	
787	7.86000	0.373183	0.562748	1.912214	0.222634	0.205551	-0.049163	0.000000	0.000000	0.000000	
788	7.87000	0.419128	0.585213	1.645176	0.195373	0.151064	-0.021523	0.000000	0.000000	0.000000	
789	7.88000	0.419361	0.585388	2.088617	0.213529	0.169224	-0.017032	0.000000	0.000000	0.000000	
790	7.89000	0.259839	0.630708	1.911348	0.213552	0.178080	-0.021374	0.000000	0.000000	0.000000	
791	7.90000	0.351273	0.584657	1.735281	0.176767	0.177889	0.006093	0.000000	0.000000	0.000000	
792	7.91000	0.350837	0.585372	2.176802	0.205112	0.160091	-0.053634	0.000000	0.000000	0.000000	
793	7.92000	0.328107	0.585335	2.088219	0.213873	0.169159	-0.039857	0.000000	0.000000	0.000000	
794	7.93000	0.487810	0.516676	2.000528	0.177270	0.160029	-0.021671	0.000000	0.000000	0.000000	
795	7.94000	0.373465	0.539967	1.910719	0.231674	0.178444	-0.035392	0.000000	0.000000	0.000000	
796	7.95000	0.418840	0.563324	1.998222	0.268022	0.169724	-0.035501	0.000000	0.000000	0.000000	
797	7.96000	0.351136	0.448249	1.911843	0.212936	0.205385	-0.012482	0.000000	0.000000	0.000000	
798	7.97000	0.328423	0.539086	1.733623	0.168361	0.141685	-0.025967	0.000000	0.000000	0.000000	
799	7.98000	0.350570	0.539772	1.644462	0.213687	0.160237	-0.044457	0.000000	0.000000	0.000000	
800	7.99000	0.373507	0.539729	1.732698	0.204807	0.142083	-0.044454	0.000000	0.000000	0.000000	
801	8.00000	0.373734	0.494216	2.088913	0.231320	0.205543	-0.021709	0.000000	0.000000	0.000000	
802	8.01000	0.397119	0.402754	2.086397	0.213426	0.142086	-0.012504	0.000000	0.000000	0.000000	
803	8.02000	0.487646	0.494178	2.179294	0.212956	0.223618	-0.012679	0.000000	0.000000	0.000000	
804	8.03000	0.488296	0.585038	2.443771	0.177429	0.150840	-0.003293	0.000000	0.000000	0.000000	
805	8.04000	0.351274	0.494621	2.529836	0.267994	0.178578	-0.021751	0.000000	0.000000	0.000000	
806	8.05000	0.419146	0.562753	2.087673	0.214003	0.151204	-0.044559	0.000000	0.000000	0.000000	
807	8.06000	0.418856	0.562610	1.912549	0.204513	0.196409	-0.044587	0.000000	0.000000	0.000000	
808	8.07000	0.510245	0.494856	2.175245	0.250015	0.151599	-0.035627	0.000000	0.000000	0.000000	
809	8.08000	0.328008	0.540021	1.643512	0.258407	0.169516	-0.007812	0.000000	0.000000	0.000000	
810	8.09000	0.373990	0.539460	2.088710	0.195436	0.169044	-0.021558	0.000000	0.000000	0.000000	
811	8.10000	0.487524	0.517355	1.998553	0.231726	0.151422	-0.026352	0.000000	0.000000	0.000000	
812	8.11000	0.373804	0.494021	1.911026	0.213317	0.178278	-0.021622	0.000000	0.000000	0.000000	
813	8.12000	0.419100	0.494278	1.912195	0.231076	0.214671	-0.017177	0.000000	0.000000	0.000000	
814	8.13000	0.488020	0.448350	1.910255	0.195185	0.142071	-0.007954	0.000000	0.000000	0.000000	
815	8.14000	0.373471	0.539836	1.734235	0.231195	0.196524	-0.017044	0.000000	0.000000	0.000000	
816	8.15000	0.419422	0.516500	2.001782	0.177026	0.196133	-0.021629	0.000000	0.000000	0.000000	
817	8.16000	0.533607	0.630803	2.444565	0.177468	0.159952	-0.007923	0.000000	0.000000	0.000000	
818	8.17000	0.442012	0.585329	1.911687	0.204368	0.169212	-0.017029	0.000000	0.000000	0.000000	
819	8.18000	0.282798	0.517031	1.909010	0.249614	0.160309	-0.012351	0.000000	0.000000	0.000000	
820	8.19000	0.442032	0.585310	2.090103	0.204262	0.196333	-0.017082	0.000000	0.000000	0.000000	
821	8.20000	0.328376	0.562590	2.087236	0.231710	0.160199	-0.016950	0.000000	0.000000	0.000000	
822	8.21000	0.533144	0.585557	2.178847	0.213206	0.196493	-0.008050	0.000000	0.000000	0.000000	
823	8.22000	0.442075	0.539675	2.267356	0.195489	0.196295	-0.035469	0.000000	0.000000	0.000000	
824	8.23000	0.282699	0.584927	1.911702	0.195432	0.177994	-0.025991	0.000000	0.000000	0.000000	
825	8.24000	0.487778	0.425852	1.998578	0.213490	0.151305	-0.026381	0.000000	0.000000	0.000000	
826	8.25000	0.419412	0.562579	1.999093	0.213584	0.151146	-0.017016	0.000000	0.000000	0.000000	
827	8.26000	0.487328	0.540391	1.910410	0.258484	0.178757	-0.012649	0.000000	0.000000	0.000000	
828	8.27000	0.374288	0.516336	2.089144	0.177111	0.168871	-0.007772	0.000000	0.000000	0.000000	
829	8.28000	0.510365	0.585514	2.088840	0.204567	0.160241	-0.021713	0.000000	0.000000	0.000000	
830	8.29000	0.396762	0.494135	1.998753	0.222423	0.160244	-0.012474	0.000000	0.000000	0.000000	
831	8.30000	0.419409	0.585911	2.263828	0.258972	0.151443	-0.012521	0.000000	0.000000	0.000000	
832	8.31000	0.259860	0.516702	1.733173	0.222351	0.178214	-0.021456	0.000000	0.000000	0.000000	
833	8.32000	0.441839	0.585819	1.732347	0.249554	0.151475	-0.007897	0.000000	0.000000	0.000000	
834	8.33000	0.350579	0.540271	1.642926	0.267705	0.160606	-0.021615	0.000000	0.000000	0.000000	
835	8.34000	0.328595	0.562475	2.086375	0.222796	0.132966	-0.012306	0.000000	0.000000	0.000000	
836	8.35000	0.351244	0.699312	2.532054	0.205094	0.159928	-0.026049	0.000000	0.000000	0.000000	
837	8.36000	0.373602	0.585368	2.001051	0.222282	0.205446	-0.017030	0.000000	0.000000	0.000000	
838	8.37000	0.419395	0.539139	1.646884	0.167758	0.177976	-0.007772	0.000000	0.000000	0.000000	
839	8.38000	0.442187	0.539583	1.913123	0.212650	0.214473	0.010395	0.000000	0.000000	0.000000	
840	8.39000	0.509925	0.539940	1.734752	0.204359	0.178447	-0.035506	0.000000	0.000000	0.000000	
841	8.40000	0.419452	0.493793	2.000112	0.177450	0.159978	-0.035364	0.000000	0.000000	0.000000	
842	8.41000	0.442528	0.402838	2.087328	0.213273	0.160248	-0.012589	0.000000	0.000000	0.000000	
843	8.42000	0.487549	0.494441	2.088979	0.231281	0.196639	-0.017259	0.000000	0.000000	0.000000	
844	8.43000	0.441810	0.676386	2.180379	0.177453	0.205175	-0.035343	0.000000	0.000000	0.000000	
845	8.44000	0.419343	0.516858	2.090141	0.213034	0.214481	-0.012552	0.000000	0.000000	0.000000	
846	8.45000	0.486864	0.654255	2.001803	0.222702	0.205656	-0.044669	0.000000	0.000000	0.000000	
847	8.46000	0.373713	0.630937	2.266578	0.204832	0.178146	-0.035307	0.000000	0.000000	0.000000	
848	8.47000	0.419265	0.630438	1.914434	0.167890	0.205067	-0.012357	0.000000	0.000000	0.000000	
849	8.48000	0.441928	0.585429	1.911801	0.213355	0.178334	-0.017059	0.000000	0.000000	0.000000	
850	8.49000	0.419328	0.585460	2.087840	0.213787	0.151149	-0.026186	0.000000	0.000000	0.000000	
851	8.50000	0.351051	0.493959	2.000337	0.213239	0.196332	-0.021624	0.000000	0.000000	0.000000	
852	8.51000	0.374002	0.562319	2.177088	0.195646	0.159985	-0.026127	0.000000	0.000000	0.000000	
853	8.52000	0.420083	0.493926	2.708737	0.195764	0.159972	-0.021694	0.000000	0.000000	0.000000	
854	8.53000	0.441671	0.562918	2.088620	0.222907	0.178469	-0.049233	0.000000	0.000000	0.000000	
855	8.54000	0.441814	0.540136	1.909844	0.231850	0.151390	-0.035446	0.000000	0.000000	0.000000	
856	8.55000	0.351542	0.516614	2.532969	0.204318	0.205195	-0.012471	0.000000	0.000000	0.000000	
857	8.56000	0.328126	0.562646	1.909935	0.231736	0.160251	-0.026112	0.000000	0.000000	0.000000	
858	8.57000	0.351222	0.516408	1.911357	0.177337	0.159866	-0.026071	0.000000	0.000000	0.000000	
859	8.58000	0.419130	0.585846	2.088449	0.258475	0.196707	-0.007977	0.000000	0.000000	0.000000	
860	8.59000	0.351487	0.653696	2.531190	0.213968	0.150927	-0.012319	0.000000	0.000000	0.000000	
861	8.60000	0.487484	0.517348	1.998931	0.231658	0.160471	-0.026364	0.000000	0.000000	0.000000	
862	8.61000	0.419224	0.562575	2.088715	0.204690	0.169208	-0.035388	0.000000	0.000000	0.000000	
863	8.62000	0.397024	0.516954	2.441559	0.213964	0.142032	-0.026223	0.000000	0.000000	0.000000	
864	8.63000	0.328161	0.584742	2.002425	0.168220	0.205001	-0.035223	0.000000	0.000000	0.000000	
865	8.64000	0.441910	0.517398	1.909986	0.249545	0.169591	-0.017164	0.000000	0.000000	0.000000	
866	8.65000	0.373492	0.562597	2.001284	0.222306	0.214526	-0.026237	0.000000	0.000000	0.000000	
867	8.66000	0.487543	0.563235	2.086682	0.258816	0.151573	-0.012612	0.000000	0.000000	0.000000	
868	8.67000	0.373494	0.539878	1.733468	0.231392	0.178436	-0.021609	0.000000	0.000000	0.000000	
869	8.68000	0.487618	0.630930	2.090047	0.195327	0.178200	-0.012479	0.000000	0.000000	0.000000	
870	8.69000	0.396508	0.585266	1.911125	0.204515	0.160112	-0.021546	0.000000	0.000000	0.000000	
871	8.70000	0.441728	0.494368	1.734233	0.231166	0.196644	-0.021756	0.000000	0.000000	0.000000	
872	8.71000	0.328883	0.424805	1.910937	0.159055	0.150645	-0.016879	0.000000	0.000000	0.000000	
873	8.72000	0.442298	0.539752	2.265599	0.204691	0.160144	-0.026259	0.000000	0.000000	0.000000	
874	8.73000	0.441904	0.539711	1.735045	0.212935	0.196451	-0.007921	0.000000	0.000000	0.000000	
875	8.74000	0.487468	0.677045	2.532657	0.223105	0.178391	-0.035485	0.000000	0.000000	0.000000	
876	8.75000	0.488179	0.448137	1.999424	0.177125	0.141914	-0.007927	0.000000	0.000000	0.000000	
877	8.76000	0.373014	0.563365	1.642833	0.277029	0.160751	-0.040004	0.000000	0.000000	0.000000	
878	8.77000	0.419324	0.585639	2.176339	0.231816	0.160316	-0.021652	0.000000	0.000000	0.000000	
879	8.78000	0.487741	0.516982	1.910348	0.204458	0.142147	-0.017101	0.000000	0.000000	0.000000	
880	8.79000	0.419233	0.562199	1.734588	0.177275	0.159975	-0.026114	0.000000	0.000000	0.000000	
881	8.80000	0.510246	0.540125	1.910912	0.231379	0.169524	-0.012615	0.000000	0.000000	0.000000	
882	8.81000	0.442238	0.562160	2.179790	0.177048	0.205161	-0.017066	0.000000	0.000000	0.000000	
883	8.82000	0.351652	0.402636	2.264640	0.213339	0.169144	-0.012496	0.000000	0.000000	0.000000	
884	8.83000	0.373865	0.562382	2.088950	0.204455	0.178158	-0.021572	0.000000	0.000000	0.000000	
885	8.84000	0.396171	0.539768	2.001867	0.213267	0.223567	-0.035457	0.000000	0.000000	0.000000	
886	8.85000	0.396948	0.585750	2.618946	0.250054	0.160333	-0.012517	0.000000	0.000000	0.000000	
887	8.86000	0.351387	0.562629	2.531282	0.231809	0.178259	-0.017044	0.000000	0.000000	0.000000	
888	8.87000	0.350865	0.585270	2.090750	0.222075	0.232537	-0.012455	0.000000	0.000000	0.000000	
889	8.88000	0.441937	0.585332	2.090471	0.204256	0.205395	-0.021683	0.000000	0.000000	0.000000	
890	8.89000	0.328344	0.494158	1.909189	0.231647	0.151210	-0.021559	0.000000	0.000000	0.000000	
891	8.90000	0.419824	0.562150	2.622517	0.177430	0.196021	-0.021652	0.000000	0.000000	0.000000	
892	8.91000	0.441763	0.540553	2.175464	0.268079	0.169734	-0.035563	0.000000	0.000000	0.000000	
893	8.92000	0.419097	0.653919	1.999955	0.213766	0.160193	-0.026142	0.000000	0.000000	0.000000	
894	8.93000	0.419509	0.539810	2.265247	0.213754	0.160184	-0.026246	0.000000	0.000000	0.000000	
895	8.94000	0.442165	0.516677	1.910927	0.177559	0.141917	-0.035346	0.000000	0.000000	0.000000	
896	8.95000	0.419611	0.494065	2.177142	0.213322	0.178275	-0.012527	0.000000	0.000000	0.000000	
897	8.96000	0.419471	0.562195	2.089529	0.177403	0.168969	-0.026157	0.000000	0.000000	0.000000	
898	8.97000	0.442610	0.539553	2.443553	0.195481	0.169058	-0.012502	0.000000	0.000000	0.000000	
899	8.98000	0.418920	0.585602	1.912310	0.231331	0.205607	-0.021689	0.000000	0.000000	0.000000	
900	8.99000	0.510683	0.562695	2.443276	0.204731	0.160192	-0.021760	0.000000	0.000000	0.000000	
901	9.00000	0.510197	0.654088	2.088953	0.213717	0.160293	-0.021682	0.000000	0.000000	0.000000	
902	9.01000	0.487567	0.425595	1.913638	0.203593	0.232659	-0.012699	0.000000	0.000000	0.000000	
903	9.02000	0.396815	0.516870	1.909368	0.213554	0.133031	-0.012396	0.000000	0.000000	0.000000	
904	9.03000	0.350877	0.540431	1.996979	0.285885	0.160669	-0.012503	0.000000	0.000000	0.000000	
905	9.04000	0.441980	0.585466	2.000053	0.213533	0.169282	-0.021644	0.000000	0.000000	0.000000	
906	9.05000	0.373371	0.517160	1.911339	0.231569	0.196563	-0.040022	0.000000	0.000000	0.000000	
907	9.06000	0.328668	0.447746	1.644120	0.168130	0.132652	-0.016832	0.000000	0.000000	0.000000	
908	9.07000	0.328318	0.539274	1.912789	0.194963	0.205183	-0.012353	0.000000	0.000000	0.000000	
909	9.08000	0.350858	0.585818	1.997626	0.258976	0.151415	-0.021585	0.000000	0.000000	0.000000	
910	9.09000	0.532873	0.540040	1.911876	0.213379	0.178498	-0.026390	0.000000	0.000000	0.000000	
911	9.10000	0.374008	0.631145	2.531747	0.231895	0.178270	-0.017026	0.000000	0.000000	0.000000	
912	9.11000	0.373784	0.494041	1.732610	0.213422	0.151158	-0.021569	0.000000	0.000000	0.000000	
913	9.12000	0.578604	0.540327	2.266093	0.231603	0.178636	-0.021928	0.000000	0.000000	0.000000	
914	9.13000	0.396485	0.562525	2.089529	0.213365	0.196361	-0.021644	0.000000	0.000000	0.000000	
915	9.14000	0.532926	0.562971	2.089018	0.222562	0.178534	-0.026408	0.000000	0.000000	0.000000	
916	9.15000	0.350669	0.630952	1.644628	0.213634	0.151111	-0.026024	0.000000	0.000000	0.000000	
917	9.16000	0.419100	0.631172	2.266477	0.213930	0.178293	-0.039974	0.000000	0.000000	0.000000	
918	9.17000	0.396536	0.516904	2.177385	0.204678	0.178238	-0.039999	0.000000	0.000000	0.000000	
919	9.18000	0.419046	0.517002	1.466221	0.213487	0.133169	-0.026155	0.000000	0.000000	0.000000	
920	9.19000	0.350987	0.517238	1.997891	0.249759	0.160413	-0.021628	0.000000	0.000000	0.000000	
921	9.20000	0.487145	0.586188	2.087514	0.259021	0.169726	-0.035567	0.000000	0.000000	0.000000	
922	9.21000	0.374090	0.539630	2.087444	0.213557	0.151063	-0.012390	0.000000	0.000000	0.000000	
923	9.22000	0.350904	0.630886	2.178752	0.213459	0.205313	-0.021556	0.000000	0.000000	0.000000	
924	9.23000	0.418920	0.494724	2.088263	0.258651	0.205857	-0.035589	0.000000	0.000000	0.000000	
925	9.24000	0.418875	0.517223	1.911902	0.231422	0.205663	-0.035505	0.000000	0.000000	0.000000	
926	9.25000	0.442288	0.585834	2.531236	0.249852	0.178510	-0.012594	0.000000	0.000000	0.000000	
927	9.26000	0.487555	0.517218	1.910187	0.222561	0.151352	-0.021737	0.000000	0.000000	0.000000	
928	9.27000	0.373682	0.539466	1.913455	0.203864	0.223417	-0.012455	0.000000	0.000000	0.000000	
929	9.28000	0.260145	0.539548	1.998085	0.222731	0.151016	-0.021427	0.000000	0.000000	0.000000	
930	9.29000	0.419221	0.563015	2.532885	0.249676	0.223770	-0.026409	0.000000	0.000000	0.000000	
931	9.30000	0.351237	0.539201	1.911493	0.177307	0.159847	-0.021465	0.000000	0.000000	0.000000	
932	9.31000	0.397111	0.494090	2.530840	0.213784	0.160112	-0.021682	0.000000	0.000000	0.000000	
933	9.32000	0.396773	0.516928	1.997988	0.213726	0.133041	-0.021582	0.000000	0.000000	0.000000	
934	9.33000	0.374098	0.425485	2.088707	0.213061	0.196346	-0.012532	0.000000	0.000000	0.000000	
935	9.34000	0.351189	0.562268	2.088361	0.195606	0.159968	-0.026089	0.000000	0.000000	0.000000	
936	9.35000	0.373897	0.402973	1.731199	0.231473	0.142278	-0.021656	0.000000	0.000000	0.000000	
937	9.36000	0.442265	0.494328	2.176700	0.231422	0.178450	-0.012592	0.000000	0.000000	0.000000	
938	9.37000	0.351205	0.493842	1.911737	0.212944	0.196298	-0.003259	0.000000	0.000000	0.000000	
939	9.38000	0.419799	0.540133	2.529773	0.249939	0.151331	-0.007970	0.000000	0.000000	0.000000	
940	9.39000	0.373979	0.562647	2.265457	0.231592	0.178321	-0.012461	0.000000	0.000000	0.000000	
941	9.40000	0.442273	0.585544	2.086935	0.222783	0.133117	-0.012441	0.000000	0.000000	0.000000	
942	9.41000	0.282689	0.653704	1.731377	0.222943	0.114845	-0.016715	0.000000	0.000000	0.000000	
943	9.42000	0.374007	0.585099	2.266621	0.195529	0.178052	-0.021554	0.000000	0.000000	0.000000	
944	9.43000	0.510445	0.631186	2.088479	0.213568	0.151213	-0.007918	0.000000	0.000000	0.000000	
945	9.44000	0.533314	0.516935	2.267618	0.195174	0.196380	-0.017249	0.000000	0.000000	0.000000	
946	9.45000	0.328738	0.493600	1.999685	0.195095	0.168960	-0.003165	0.000000	0.000000	0.000000	
947	9.46000	0.487263	0.631106	1.734443	0.204445	0.160253	-0.021619	0.000000	0.000000	0.000000	
948	9.47000	0.374031	0.494422	2.085756	0.249779	0.142314	-0.012479	0.000000	0.000000	0.000000	
949	9.48000	0.441639	0.654047	2.001291	0.222541	0.196495	-0.026239	0.000000	0.000000	0.000000	
950	9.49000	0.418669	0.585576	1.468739	0.231094	0.196615	-0.017049	0.000000	0.000000	0.000000	
951	9.50000	0.374068	0.653831	2.532147	0.222810	0.178180	-0.012403	0.000000	0.000000	0.000000	
952	9.51000	0.510242	0.493645	1.737367	0.158568	0.214265	-0.021732	0.000000	0.000000	0.000000	
953	9.52000	0.350832	0.585469	1.999032	0.222876	0.160214	-0.035296	0.000000	0.000000	0.000000	
954	9.53000	0.350846	0.631157	2.088059	0.231851	0.169284	-0.026123	0.000000	0.000000	0.000000	
955	9.54000	0.351710	0.425256	2.175898	0.195348	0.150908	-0.012413	0.000000	0.000000	0.000000	
956	9.55000	0.328206	0.493657	1.735246	0.194864	0.205237	-0.016958	0.000000	0.000000	0.000000	
957	9.56000	0.328511	0.539570	2.265667	0.213593	0.178145	-0.021561	0.000000	0.000000	0.000000	
958	9.57000	0.419004	0.494623	2.088149	0.249664	0.196736	-0.035560	0.000000	0.000000	0.000000	
959	9.58000	0.373966	0.562422	1.910299	0.213429	0.151073	-0.007769	0.000000	0.000000	0.000000	
