NO_OF_FRAMES	127
NO_OF_CAMERAS	14
NO_OF_MARKERS	19
FREQUENCY	100
NO_OF_ANALOG	0
ANALOG_FREQUENCY	0
DESCRIPTION	--
TIME_STAMP	2021-10-08, 16:44:14	10644.81949717
DATA_INCLUDED	3D
MARKER_NAMES	1 - Head	2 - L_Shoulder	3 - L_Elbow	4 - L_Wrist	5 - R_Shoulder	6 - R_Elbow	7 - R_Wrist	8 - L_Hip	9 - L_Knee	10 - L_Ankle	11 - L_Heel	12 - L_Meta_V	13 - L_Toe_II	14 - R_Hip	15 - R_Knee	16 - R_Ankle	17 - R_Heel	18 - R_Meta_V	19 - R_Toe_II
Frame	Time	1 - Head X	1 - Head Y	1 - Head Z	2 - L_Shoulder X	2 - L_Shoulder Y	2 - L_Shoulder Z	3 - L_Elbow X	3 - L_Elbow Y	3 - L_Elbow Z	4 - L_Wrist X	4 - L_Wrist Y	4 - L_Wrist Z	5 - R_Shoulder X	5 - R_Shoulder Y	5 - R_Shoulder Z	6 - R_Elbow X	6 - R_Elbow Y	6 - R_Elbow Z	7 - R_Wrist X	7 - R_Wrist Y	7 - R_Wrist Z	8 - L_Hip X	8 - L_Hip Y	8 - L_Hip Z	9 - L_Knee X	9 - L_Knee Y	9 - L_Knee Z	10 - L_Ankle X	10 - L_Ankle Y	10 - L_Ankle Z	11 - L_Heel X	11 - L_Heel Y	11 - L_Heel Z	12 - L_Meta_V X	12 - L_Meta_V Y	12 - L_Meta_V Z	13 - L_Toe_II X	13 - L_Toe_II Y	13 - L_Toe_II Z	14 - R_Hip X	14 - R_Hip Y	14 - R_Hip Z	15 - R_Knee X	15 - R_Knee Y	15 - R_Knee Z	16 - R_Ankle X	16 - R_Ankle Y	16 - R_Ankle Z	17 - R_Heel X	17 - R_Heel Y	17 - R_Heel Z	18 - R_Meta_V X	18 - R_Meta_V Y	18 - R_Meta_V Z	19 - R_Toe_II X	19 - R_Toe_II Y	19 - R_Toe_II Z	
153	1.52000	-120.692	329.792	1609.327	-151.381	498.679	1338.450	-79.922	599.090	1042.261	122.920	615.133	919.490	-185.119	194.674	1340.352	-241.517	115.500	1025.186	-173.954	58.144	805.632	-144.011	509.772	823.057	-218.698	430.703	443.773	-345.177	386.588	66.561	-401.737	342.023	39.594	-247.001	406.998	30.826	-174.654	370.054	31.796	-166.258	148.952	833.335	31.418	210.431	462.016	68.559	224.935	68.093	28.467	278.259	31.523	167.668	199.252	59.739	235.258	207.751	92.289
154	1.53000	-109.120	329.022	1607.623	-139.141	498.431	1337.468	-62.450	599.649	1043.864	145.077	614.804	928.038	-174.292	195.094	1339.228	-233.042	116.031	1024.273	-170.646	57.593	803.863	-135.142	509.049	821.053	-214.512	431.354	444.139	-344.793	386.805	68.131	-401.598	342.111	41.829	-246.566	407.874	31.095	-175.037	370.152	31.613	-152.460	147.643	831.600	41.622	211.653	459.666	98.985	225.216	69.894	59.136	277.775	31.318	199.326	202.513	65.642	265.540	213.159	101.368
155	1.54000	-97.508	328.243	1605.753	-127.283	497.703	1336.399	-45.227	599.669	1044.602	166.026	614.020	937.067	-163.250	194.987	1337.313	-225.394	116.419	1023.683	-166.999	56.941	802.228	-126.520	508.887	819.778	-209.569	431.744	444.188	-344.372	387.207	69.158	-401.642	342.212	44.935	-246.797	407.844	30.756	-175.188	369.951	32.061	-139.515	146.833	829.796	52.308	212.877	458.212	125.980	225.924	72.106	86.808	277.270	31.481	227.761	206.167	71.826	292.038	218.743	109.419
156	1.55000	-85.685	327.554	1603.749	-115.499	497.541	1335.088	-28.006	599.939	1045.846	187.302	613.454	946.249	-153.904	194.144	1337.013	-216.967	116.683	1022.826	-162.577	56.493	800.208	-116.760	507.738	819.036	-203.638	431.882	443.849	-343.657	388.180	71.160	-401.028	343.153	46.845	-246.741	408.183	30.690	-175.032	370.108	31.636	-125.957	145.389	827.720	62.741	213.608	456.349	149.328	226.489	75.385	110.962	276.882	32.576	252.314	209.678	77.227	315.668	223.931	116.784
157	1.56000	-74.048	326.769	1601.806	-103.582	496.933	1333.352	-11.925	599.985	1046.367	206.838	612.633	954.691	-142.467	194.640	1334.648	-208.488	116.563	1021.671	-158.142	55.598	798.653	-106.941	506.946	818.157	-197.196	432.012	443.524	-342.930	389.175	73.313	-400.613	344.329	49.428	-246.150	408.541	30.373	-175.193	369.741	32.119	-113.881	144.894	826.285	73.406	214.342	455.234	170.498	227.314	77.453	132.579	277.121	33.314	274.390	213.299	81.420	335.932	228.936	122.377
158	1.57000	-62.617	325.894	1600.284	-92.635	496.595	1331.587	3.941	599.979	1047.359	225.382	611.055	962.204	-131.783	194.367	1334.189	-200.054	116.746	1020.827	-152.676	54.993	796.556	-97.136	506.042	817.280	-190.916	432.728	443.406	-342.308	389.668	75.848	-400.618	345.434	52.580	-245.692	408.930	30.136	-175.257	369.978	31.105	-100.625	144.103	825.688	84.528	215.252	454.546	189.163	230.497	76.460	149.903	278.645	32.152	292.176	216.950	83.633	353.668	233.277	125.453
159	1.58000	-50.966	325.175	1598.805	-81.391	496.177	1330.496	19.420	599.813	1047.367	243.056	610.028	969.857	-120.430	194.231	1331.958	-190.982	116.716	1019.664	-147.227	54.417	795.188	-86.310	505.127	816.270	-182.924	432.961	443.079	-341.337	390.775	77.712	-400.063	346.904	55.601	-245.505	409.406	30.138	-174.957	370.108	31.212	-87.265	143.114	824.745	95.792	216.102	453.926	201.276	231.564	78.350	163.791	280.631	32.740	306.560	220.561	83.492	367.248	237.684	125.263
160	1.59000	-39.341	324.450	1597.307	-69.846	495.780	1329.450	34.653	599.300	1048.717	260.088	608.222	977.464	-109.085	194.354	1330.140	-182.079	116.512	1018.563	-141.584	53.475	793.803	-75.158	504.303	815.443	-174.203	432.795	442.878	-340.201	392.135	79.942	-399.258	348.390	58.805	-245.252	409.747	30.132	-174.872	369.687	31.873	-73.977	142.469	824.285	107.999	216.852	452.692	213.087	234.536	75.682	173.591	282.893	31.834	317.813	224.059	81.145	377.990	241.326	122.090
161	1.60000	-27.972	323.680	1596.122	-58.770	495.398	1328.541	48.669	598.703	1048.830	275.970	606.237	984.475	-98.537	193.589	1328.646	-172.472	116.250	1017.493	-135.314	52.830	792.748	-63.677	503.461	814.168	-165.240	432.570	443.502	-338.996	392.990	82.039	-398.417	349.312	64.093	-243.953	410.025	30.360	-174.765	369.433	31.949	-60.927	141.680	824.056	118.984	218.212	451.349	220.588	236.490	72.267	180.095	284.628	29.416	325.282	227.219	76.788	386.168	245.139	117.589
162	1.61000	-16.605	323.125	1595.094	-47.507	494.953	1327.442	62.714	598.045	1049.316	290.926	603.964	991.305	-86.601	193.218	1327.377	-162.693	115.881	1016.678	-127.902	52.413	791.352	-52.120	502.303	812.575	-155.380	432.116	442.657	-337.100	393.953	86.048	-397.005	351.043	67.436	-243.370	410.297	30.406	-174.878	369.255	31.773	-47.099	140.739	823.656	131.541	219.261	450.598	224.313	237.871	69.638	183.571	285.611	26.345	329.871	229.941	70.993	391.038	248.859	110.931
163	1.62000	-5.183	322.618	1594.150	-36.157	494.355	1325.984	75.599	597.056	1049.820	305.165	601.664	997.411	-75.678	192.016	1326.996	-152.782	115.752	1016.066	-120.610	51.919	790.436	-39.636	501.034	811.448	-144.917	430.851	441.638	-334.780	395.119	89.539	-395.656	351.968	72.906	-242.568	410.267	30.349	-174.624	369.330	31.934	-33.347	139.963	823.587	143.916	220.660	449.302	226.650	238.978	64.808	183.403	286.211	23.070	331.968	232.597	63.876	393.273	251.673	102.616
164	1.63000	6.019	322.165	1593.160	-24.860	493.585	1326.204	88.445	596.052	1049.738	318.872	599.025	1003.331	-63.997	191.720	1326.092	-142.694	115.293	1015.453	-112.392	51.034	790.088	-26.932	499.911	810.296	-134.150	430.201	441.875	-332.630	395.688	92.675	-393.576	352.702	77.799	-242.531	410.768	30.030	-174.518	369.263	31.961	-19.414	139.056	823.722	156.158	222.003	448.535	226.029	240.602	58.951	181.888	286.915	17.922	331.047	233.940	56.106	394.022	254.103	92.862
165	1.64000	17.101	321.939	1592.403	-13.094	492.754	1325.631	100.314	595.275	1049.927	331.305	596.392	1008.109	-52.003	191.099	1325.040	-132.177	114.981	1014.882	-103.197	50.450	788.883	-13.771	498.864	808.896	-122.383	429.191	440.992	-330.065	396.587	95.814	-391.643	353.123	82.724	-242.308	410.974	30.070	-174.576	369.383	31.954	-3.530	136.239	824.395	167.469	223.496	445.832	224.050	241.786	54.790	179.341	285.926	16.139	329.329	234.974	47.998	393.989	255.937	82.955
166	1.65000	28.169	321.513	1591.812	-1.873	491.973	1324.948	111.407	594.253	1049.196	342.877	593.636	1011.657	-40.151	190.562	1324.567	-121.569	114.562	1014.489	-93.921	49.655	788.932	-0.060	497.897	807.978	-110.855	428.268	440.299	-327.233	396.814	101.084	-388.645	353.053	89.978	-241.871	411.087	30.644	-174.364	369.394	32.109	10.877	135.457	824.770	177.384	224.393	444.066	226.537	243.354	56.162	182.438	287.367	18.663	332.350	234.003	42.949	399.621	253.137	74.179
167	1.66000	39.200	321.043	1591.905	9.176	491.049	1323.933	122.055	593.361	1048.232	353.960	590.999	1016.061	-29.784	188.173	1324.312	-110.388	114.094	1014.369	-83.473	49.070	788.357	14.082	496.810	806.616	-99.051	427.233	440.308	-323.963	397.831	104.243	-385.267	353.464	95.580	-241.153	411.143	30.464	-174.321	369.341	32.249	25.796	134.030	825.425	186.002	224.036	442.319	235.897	242.657	57.938	187.200	287.694	21.787	338.594	233.314	42.912	407.734	252.119	71.698
168	1.67000	50.385	320.462	1592.506	20.239	490.931	1323.810	132.254	592.370	1047.519	363.726	588.005	1018.127	-17.450	187.336	1324.102	-99.136	113.562	1014.104	-73.345	48.067	788.050	28.226	496.167	805.252	-86.004	426.377	439.300	-319.966	397.489	110.763	-380.833	352.886	102.712	-241.270	411.506	31.070	-174.266	369.286	32.154	40.638	132.670	827.124	195.335	222.923	442.390	240.505	242.852	54.740	188.602	287.403	23.073	341.855	234.238	38.296	411.292	252.071	64.311
169	1.68000	61.651	319.905	1593.342	31.280	490.665	1324.631	141.248	591.304	1046.573	373.473	585.828	1019.580	-4.161	187.187	1323.179	-86.791	112.976	1013.853	-61.598	47.495	787.823	43.233	495.128	804.659	-72.355	426.050	438.613	-315.789	398.139	115.067	-375.899	351.685	111.133	-240.659	411.386	31.104	-174.400	369.663	32.285	55.064	131.652	830.235	205.594	220.752	443.842	240.051	242.744	54.453	188.762	286.521	23.748	341.807	234.455	33.496	411.679	254.050	57.904
170	1.69000	72.989	319.561	1594.404	42.065	490.664	1325.095	150.181	590.142	1045.954	381.999	583.727	1019.429	6.824	186.150	1324.020	-74.092	112.135	1014.261	-49.871	46.544	788.310	58.151	494.610	804.392	-57.401	425.894	438.623	-310.432	397.989	120.746	-369.148	350.313	119.484	-240.563	411.332	31.759	-174.360	370.079	32.364	68.797	131.112	834.044	217.347	220.864	446.866	240.417	242.369	55.659	189.544	285.997	24.901	343.281	234.371	31.602	413.452	255.220	53.388
171	1.70000	84.601	318.867	1595.766	53.680	490.350	1326.601	158.439	588.618	1044.980	389.719	582.006	1018.585	19.008	185.293	1324.969	-61.157	111.225	1014.916	-37.344	45.586	788.743	73.137	494.138	804.637	-41.032	426.738	437.445	-304.805	397.875	126.786	-361.559	348.463	128.075	-240.079	411.068	32.181	-173.933	370.298	32.726	82.104	130.188	837.243	229.703	221.562	449.046	242.741	240.413	56.241	190.153	285.608	25.853	344.332	232.196	30.279	415.981	254.529	49.565
172	1.71000	95.895	318.432	1597.239	65.075	489.948	1328.356	166.569	587.148	1044.377	397.003	580.453	1016.250	30.569	184.687	1326.308	-47.918	110.443	1015.676	-23.519	44.879	789.537	87.651	493.440	805.005	-24.048	428.703	437.401	-297.543	397.773	132.563	-352.158	345.961	137.290	-239.517	409.706	33.019	-173.768	370.645	32.568	94.974	129.340	839.854	240.478	221.960	448.870	243.031	240.508	55.621	190.774	285.486	26.229	344.207	230.639	29.710	417.188	254.189	45.943
173	1.72000	107.133	318.222	1598.792	76.700	489.731	1330.163	174.330	585.645	1043.994	403.794	578.574	1012.416	42.538	183.820	1327.445	-34.373	109.677	1016.646	-9.342	44.033	790.498	102.019	492.688	806.141	-6.650	430.285	435.653	-289.781	397.235	139.187	-341.205	343.604	146.857	-238.174	408.269	34.935	-173.230	370.715	32.855	107.195	127.826	842.235	250.104	221.771	449.010	243.011	240.634	55.356	191.009	285.302	26.466	344.585	230.401	29.525	418.693	255.933	43.340
174	1.73000	118.721	317.695	1600.569	88.466	489.365	1331.866	181.093	584.025	1044.002	410.134	577.040	1008.671	53.972	183.022	1328.615	-20.641	108.911	1017.884	5.685	43.512	791.470	116.180	491.900	806.642	12.482	432.506	434.451	-280.295	397.855	146.551	-328.540	342.259	157.035	-235.569	406.096	37.756	-173.576	370.665	32.354	119.920	126.514	844.278	257.879	221.495	449.063	244.443	241.188	55.415	191.044	284.863	26.755	344.848	230.467	29.504	419.966	257.397	41.933
175	1.74000	129.940	317.238	1602.107	99.684	488.902	1333.022	187.960	582.170	1042.931	416.627	575.197	1003.190	66.105	182.954	1330.282	-6.761	108.346	1018.966	20.868	42.482	793.248	129.858	490.792	807.781	31.696	434.966	433.303	-269.025	400.337	153.232	-315.080	343.170	168.546	-233.219	403.630	39.498	-172.808	369.498	32.797	132.802	125.369	846.205	265.374	220.968	447.973	244.694	241.290	55.869	191.414	285.005	26.728	344.916	230.346	29.604	420.943	258.129	39.919
176	1.75000	141.486	316.863	1603.723	111.249	488.366	1335.372	194.366	580.482	1042.198	421.746	573.551	996.773	78.121	182.032	1332.217	7.334	107.683	1020.176	37.237	41.792	794.489	142.408	489.839	808.533	52.435	436.752	430.254	-256.731	402.077	160.188	-301.515	346.947	180.379	-227.839	401.387	44.863	-168.052	370.676	33.869	145.289	124.076	847.907	270.317	219.692	447.656	244.742	241.715	55.719	191.403	284.884	27.082	345.337	230.384	29.572	421.743	258.245	38.322
177	1.76000	153.068	316.510	1605.252	122.808	488.196	1336.290	200.129	578.783	1040.994	426.944	572.224	988.870	90.395	181.803	1333.392	21.390	106.923	1021.305	54.081	41.001	796.080	154.630	488.873	809.011	74.189	438.618	428.405	-242.921	402.948	167.966	-287.330	349.260	191.082	-219.089	401.829	51.603	-161.533	372.605	34.033	158.486	123.228	850.211	275.752	219.065	447.225	245.289	242.057	55.622	191.212	284.957	27.431	345.232	230.506	29.475	422.529	259.149	36.490
178	1.77000	164.439	316.123	1606.698	133.872	487.877	1337.224	205.894	577.265	1039.955	431.424	570.487	980.547	102.387	181.242	1334.891	35.766	105.985	1022.505	71.385	40.303	797.540	166.261	487.766	809.928	96.046	440.294	425.097	-227.474	402.874	176.194	-272.068	349.229	200.556	-207.955	402.827	59.419	-149.293	378.498	35.567	171.655	122.795	852.276	281.433	218.521	446.635	245.668	241.969	55.402	191.500	284.870	27.323	345.357	230.524	29.408	423.767	259.320	34.884
179	1.78000	175.989	315.797	1608.279	145.399	487.443	1338.982	211.474	575.725	1038.159	435.372	568.905	971.217	115.133	180.352	1336.949	50.639	105.259	1023.599	88.776	39.471	799.241	176.816	486.587	809.838	119.382	441.764	422.254	-210.778	401.909	183.582	-253.525	346.759	208.456	-194.519	406.943	67.539	-139.643	389.870	32.807	185.384	122.124	853.840	286.689	218.460	445.972	245.920	242.449	55.367	191.280	284.876	27.454	345.487	230.453	29.364	424.289	259.668	34.042
180	1.79000	187.360	315.565	1609.733	156.443	487.516	1339.477	217.063	574.102	1036.625	438.120	567.195	960.891	127.998	179.638	1338.369	65.309	104.109	1024.877	107.462	38.749	801.068	187.011	485.688	810.741	142.881	443.407	419.715	-192.238	401.095	191.586	-232.681	343.710	215.008	-176.779	411.455	76.622	-124.880	397.709	41.360	198.637	122.057	855.038	291.207	218.177	444.852	245.427	241.549	55.767	191.229	284.777	27.563	345.302	230.341	29.508	424.578	260.145	32.736
181	1.80000	198.760	315.322	1611.163	167.633	487.260	1340.287	222.745	572.349	1034.903	441.308	565.596	949.979	141.061	178.919	1339.720	80.906	102.885	1025.915	126.241	38.029	802.534	196.980	484.823	811.406	167.088	444.985	418.411	-171.128	400.535	197.030	-211.403	341.735	219.138	-156.635	417.179	83.521	-102.970	403.647	46.914	211.102	122.471	856.075	295.855	217.350	443.996	245.311	241.990	55.699	191.319	284.575	27.563	345.417	230.114	29.340	424.822	260.097	32.022
182	1.81000	210.415	315.237	1612.647	179.009	487.371	1341.261	228.003	570.737	1033.565	443.268	564.054	938.538	154.439	178.267	1341.789	95.981	101.552	1027.222	145.494	37.198	804.600	206.837	484.458	811.754	191.038	446.675	419.107	-148.362	400.022	201.594	-188.605	340.311	221.293	-132.937	422.457	89.602	-80.338	410.902	50.386	223.636	122.250	856.763	300.323	216.918	443.648	245.728	241.947	55.506	191.191	284.323	27.748	345.372	229.850	29.358	425.029	260.186	31.644
183	1.82000	221.867	315.193	1613.767	190.027	487.606	1341.642	234.006	568.994	1032.577	443.831	562.701	926.271	168.799	177.919	1343.107	111.953	100.247	1028.383	165.369	36.651	806.220	216.927	484.329	813.091	215.818	448.147	419.896	-123.851	399.963	204.980	-165.154	339.490	222.278	-107.040	427.334	95.250	-56.957	416.018	52.251	235.594	122.377	857.277	304.841	216.602	443.588	245.962	241.396	55.808	191.435	284.377	27.642	345.452	229.690	29.217	425.120	260.586	30.837
184	1.83000	233.370	315.264	1614.955	200.579	487.640	1342.394	239.497	567.466	1031.875	443.927	561.440	914.266	182.677	177.202	1344.444	127.706	98.579	1029.712	185.135	35.964	808.642	226.380	484.550	813.904	239.755	449.416	420.720	-98.164	399.948	205.726	-140.349	338.743	221.176	-80.358	432.458	99.437	-28.423	422.957	55.744	247.153	122.121	857.068	308.731	216.447	442.949	245.877	241.894	55.442	191.570	284.462	27.773	345.476	229.654	29.272	425.610	260.280	29.991
185	1.84000	244.977	315.422	1616.192	211.811	487.432	1343.543	244.833	565.673	1031.166	442.557	560.239	902.186	196.184	176.848	1346.322	143.818	97.215	1030.698	205.366	35.389	810.803	236.544	484.033	815.289	263.582	450.915	422.392	-71.990	400.680	205.428	-114.748	339.257	218.862	-52.517	437.570	102.230	1.250	428.084	58.086	257.317	122.698	856.957	312.782	216.366	442.340	245.865	242.150	55.647	191.416	284.401	28.204	345.500	229.653	29.188	426.142	260.329	29.509
186	1.85000	256.423	315.296	1617.213	222.567	487.251	1343.824	250.203	563.961	1030.185	440.135	559.777	889.957	210.328	176.419	1347.850	160.138	95.560	1031.834	226.487	34.894	812.783	246.092	484.710	817.193	288.055	451.878	424.469	-44.629	401.482	203.173	-88.441	339.925	214.966	-22.037	440.534	101.998	34.751	432.040	60.498	267.932	122.539	857.551	315.965	216.568	441.465	245.850	242.213	55.743	191.258	284.337	28.511	345.496	229.700	29.203	426.317	260.441	28.857
187	1.86000	268.305	315.760	1617.762	232.853	487.431	1343.968	255.124	561.958	1029.369	437.274	558.454	877.745	224.117	176.043	1348.493	176.407	93.741	1033.107	247.571	34.683	814.914	255.756	485.341	819.154	311.621	452.899	427.562	-16.486	402.799	200.328	-60.785	341.339	209.386	11.776	441.846	101.078	69.656	435.971	61.229	278.014	123.104	857.040	319.597	216.836	440.348	246.530	242.761	55.793	191.379	284.615	28.473	345.398	229.556	29.298	426.624	260.648	28.055
188	1.87000	280.045	316.057	1618.528	243.673	487.300	1344.985	260.080	559.784	1028.663	433.626	557.474	865.522	238.091	176.063	1349.320	192.950	92.076	1034.338	269.134	34.164	817.541	268.242	484.960	821.058	335.899	453.452	430.492	13.100	404.300	195.664	-32.526	342.571	202.786	44.076	446.319	99.491	103.983	437.151	59.628	288.456	123.438	856.319	323.231	217.056	439.503	246.510	242.808	55.880	191.403	284.956	28.689	345.560	229.503	29.361	426.930	260.779	27.645
189	1.88000	291.995	316.261	1619.206	254.490	487.237	1345.087	264.521	557.804	1027.468	428.379	556.776	854.475	251.261	176.024	1350.980	209.154	90.252	1035.137	290.733	34.098	820.122	279.220	485.950	822.904	358.914	453.833	434.218	42.521	405.621	190.421	-3.337	344.352	194.629	78.835	448.767	95.300	139.780	438.828	58.350	299.712	123.776	855.433	326.387	216.779	438.817	247.126	243.424	55.818	190.731	284.777	29.398	345.581	229.477	29.256	427.025	260.727	27.233
190	1.89000	304.012	316.622	1619.805	264.621	487.138	1345.123	268.688	555.660	1026.616	422.862	555.862	844.014	265.556	175.804	1351.677	225.769	88.706	1035.745	312.613	34.111	822.135	291.474	486.882	824.408	382.117	454.451	438.056	74.230	406.798	183.619	26.618	345.324	185.900	114.483	449.945	92.085	177.407	440.705	57.938	309.744	124.473	854.242	330.528	217.147	438.214	248.927	245.032	54.529	190.984	285.389	29.522	345.522	229.525	29.130	427.359	260.543	27.106
191	1.90000	316.028	317.093	1620.169	275.108	487.126	1344.601	273.175	553.598	1025.641	415.970	555.467	833.675	278.827	175.656	1351.859	242.059	86.952	1036.906	334.921	34.217	824.983	303.317	487.720	826.550	404.761	454.576	441.924	104.769	407.861	176.360	58.481	346.941	175.752	150.303	452.333	87.148	214.735	443.531	56.144	321.052	124.345	852.954	333.611	216.838	438.046	249.323	245.181	54.602	191.052	285.901	29.781	345.531	229.574	29.214	427.556	260.608	26.812
192	1.91000	327.898	317.626	1620.337	285.972	487.063	1344.989	277.713	551.327	1024.703	408.306	554.746	824.111	292.187	175.995	1352.617	258.467	85.239	1037.519	356.300	34.343	828.183	315.905	488.298	827.842	426.991	454.803	446.373	137.571	408.986	169.114	90.712	347.823	165.719	187.472	454.704	82.863	253.494	445.647	54.692	331.084	124.851	852.095	336.981	217.108	436.975	249.141	245.294	54.968	191.672	286.017	29.867	345.620	229.673	29.203	427.772	260.543	26.482
193	1.92000	340.050	318.259	1620.589	296.506	487.174	1344.437	281.695	549.095	1024.247	399.766	554.588	815.688	304.811	175.901	1353.077	274.642	83.638	1038.259	378.346	34.680	831.347	326.803	489.828	829.267	448.881	454.433	449.467	170.583	409.989	160.553	123.520	349.420	155.516	224.700	456.993	79.033	291.922	448.504	53.188	340.925	125.618	850.598	341.696	217.587	436.173	247.613	244.628	56.687	191.404	286.153	30.424	345.614	229.727	29.279	427.665	260.392	26.022
194	1.93000	351.929	319.042	1620.403	307.161	487.121	1343.911	285.827	546.869	1023.903	391.963	554.194	808.113	318.491	176.595	1354.032	290.631	82.151	1038.890	399.916	34.626	833.801	337.720	491.012	830.183	469.454	454.013	453.803	205.093	411.017	152.346	157.929	349.928	144.016	262.953	458.717	74.882	330.975	450.677	52.397	350.243	126.436	849.365	346.192	218.254	434.832	248.886	245.125	56.605	191.913	286.733	30.608	345.756	229.895	29.347	428.095	260.494	25.869
195	1.94000	363.918	319.923	1620.187	317.601	487.328	1342.995	290.082	544.828	1023.494	383.501	553.604	801.859	330.808	176.488	1354.280	306.620	80.520	1038.802	421.353	34.612	837.194	350.122	492.650	830.712	490.112	453.692	457.279	239.612	412.399	144.175	192.814	351.578	132.796	302.198	460.520	70.906	371.323	452.680	51.834	359.486	127.120	848.840	349.658	218.328	434.266	249.138	245.274	56.935	192.874	286.720	31.017	346.015	230.056	29.276	428.285	260.347	25.348
196	1.95000	375.690	320.720	1619.743	328.566	487.365	1341.809	294.596	543.411	1022.773	374.837	554.005	797.255	344.137	176.897	1354.389	322.510	78.996	1039.695	443.424	35.217	840.708	361.673	493.662	831.375	510.715	452.937	461.220	275.080	413.558	135.415	228.865	352.752	120.710	342.051	461.621	66.512	410.654	454.315	51.182	368.809	128.082	847.699	352.973	218.273	433.821	249.273	245.453	57.380	193.583	286.928	31.185	346.110	230.037	29.233	428.544	260.527	25.057
197	1.96000	387.463	321.724	1619.023	339.218	487.926	1341.143	298.791	541.702	1022.104	364.663	552.781	792.344	356.490	176.608	1354.162	338.364	77.998	1039.062	464.283	35.270	844.125	373.010	494.639	831.144	530.567	453.017	465.406	311.073	414.633	127.499	265.505	354.105	108.903	381.825	462.876	62.430	452.047	454.794	51.235	378.284	129.033	846.386	356.715	218.265	433.175	249.704	245.799	57.743	193.666	287.013	32.254	346.279	230.164	29.158	428.758	260.865	24.741
198	1.97000	399.560	322.719	1618.512	350.162	487.594	1339.992	302.355	540.269	1021.647	357.895	553.480	789.582	369.577	176.931	1353.032	353.594	76.749	1039.429	485.379	35.540	847.214	384.551	495.901	830.871	549.920	451.720	467.747	346.976	416.084	118.483	302.368	355.823	98.541	422.542	463.371	58.546	493.390	454.202	50.513	387.231	130.125	845.291	360.719	218.683	431.979	249.826	246.130	58.359	193.280	287.265	34.035	346.303	230.316	29.193	428.455	260.679	24.466
199	1.98000	411.330	323.696	1617.366	361.230	487.971	1339.286	305.886	539.157	1021.238	349.163	551.597	786.411	382.358	177.112	1352.558	369.162	75.680	1039.056	506.207	35.648	850.499	397.801	497.959	830.849	567.411	451.317	470.830	384.753	417.182	110.264	338.840	358.319	87.521	463.455	463.452	55.370	534.309	453.234	51.149	397.040	131.782	843.996	364.676	218.997	431.708	249.864	246.312	58.700	193.479	287.621	35.126	346.477	230.373	29.073	428.860	260.865	24.491
200	1.99000	423.102	324.779	1616.274	372.207	488.372	1337.814	308.976	537.596	1021.242	343.257	552.547	785.495	395.453	177.661	1351.062	384.728	74.620	1037.740	527.590	36.195	853.544	408.295	498.150	829.739	584.523	450.498	472.933	421.499	419.214	103.657	377.991	359.377	78.648	505.149	462.940	52.067	575.653	451.678	52.148	406.878	133.065	841.622	368.884	219.486	431.360	250.346	246.485	59.001	193.255	288.103	35.954	346.505	230.449	29.119	428.969	260.910	24.271
201	2.00000	434.809	325.814	1615.155	383.376	488.728	1336.030	311.537	536.483	1021.124	335.672	550.700	783.764	408.373	177.794	1349.832	399.558	73.587	1037.749	547.443	36.414	856.517	420.027	499.191	828.722	601.292	449.548	475.197	459.731	420.082	94.413	415.548	361.508	68.549	546.560	461.779	49.254	617.296	449.082	53.772	415.026	133.628	840.852	373.229	220.076	430.772	250.990	246.868	59.440	193.197	288.511	36.705	346.253	230.371	29.138	428.970	260.804	24.266
202	2.01000	446.551	326.897	1613.724	394.709	489.028	1334.084	313.878	534.777	1021.387	330.901	550.742	783.336	421.445	177.946	1348.888	415.303	72.595	1036.655	567.381	36.911	859.815	431.608	500.416	827.795	616.337	448.960	476.460	497.618	420.938	89.901	454.252	362.523	60.326	587.442	461.090	46.904	657.205	446.891	56.016	424.102	134.481	840.005	378.085	220.703	429.966	251.621	247.195	59.737	193.469	289.021	38.157	346.389	230.667	29.150	429.122	260.599	23.865
203	2.02000	458.224	328.022	1612.431	405.850	489.598	1332.930	316.071	533.179	1021.839	326.364	550.683	783.828	434.353	178.337	1347.417	430.026	72.021	1035.286	587.223	37.018	862.806	444.088	502.352	826.664	631.095	448.199	477.517	535.487	421.586	84.470	494.520	362.733	52.465	628.463	459.698	46.828	698.004	444.119	59.336	434.040	135.979	838.483	382.627	221.267	429.892	252.035	247.695	61.310	194.077	289.916	40.235	346.351	231.238	28.721	428.967	260.690	23.740
204	2.03000	470.161	329.201	1610.989	417.193	490.134	1331.310	318.546	531.794	1022.983	322.824	550.485	784.712	447.036	178.861	1345.738	444.784	71.497	1033.476	607.056	37.831	865.206	455.971	503.861	825.822	644.805	447.221	478.012	573.422	421.382	79.953	532.341	363.839	45.344	669.497	458.263	47.269	737.346	441.842	62.709	443.529	136.942	837.815	386.246	221.567	429.880	252.559	248.295	62.109	194.250	290.272	41.407	346.293	231.288	29.051	429.018	260.638	23.480
205	2.04000	481.855	330.430	1609.671	428.997	490.593	1330.325	321.123	530.770	1024.164	319.407	550.206	786.246	460.332	179.830	1343.928	460.208	71.011	1032.492	625.642	38.446	868.164	468.200	504.711	824.111	658.337	446.645	477.554	610.576	421.266	74.908	570.989	364.130	38.145	708.395	456.448	47.794	775.600	437.925	68.495	452.835	138.241	836.633	390.411	221.057	429.863	252.068	248.062	63.777	194.552	290.834	43.623	346.148	231.291	28.965	428.594	260.148	23.929
206	2.05000	493.796	331.654	1608.181	440.300	491.012	1328.540	324.066	529.996	1025.038	316.743	549.751	787.525	473.108	180.298	1342.164	475.317	71.083	1031.087	643.913	38.881	870.201	480.284	505.957	822.237	670.843	445.915	476.943	646.866	421.276	70.648	607.012	365.034	33.848	746.785	453.504	50.246	811.685	434.291	74.408	463.562	139.926	834.835	394.609	220.640	429.899	252.539	248.416	65.669	194.987	291.420	45.911	346.028	231.571	28.987	428.678	260.176	23.812
207	2.06000	505.444	332.902	1606.745	451.887	491.826	1327.788	327.483	529.170	1027.186	314.696	549.978	789.675	486.242	180.979	1340.953	489.682	71.129	1030.043	662.629	40.239	873.385	493.014	507.033	820.421	682.127	445.793	475.125	682.060	420.046	68.032	641.882	365.007	30.484	783.200	450.524	52.945	846.304	429.780	81.093	472.776	141.109	834.236	400.034	220.346	429.509	253.088	248.050	67.751	194.470	290.551	48.879	346.164	231.287	29.060	428.595	259.850	23.906
208	2.07000	517.358	334.131	1605.306	463.268	492.512	1326.245	331.137	528.139	1029.995	313.014	550.412	791.998	498.817	181.644	1338.878	504.411	71.569	1028.062	679.871	40.958	875.169	506.006	508.201	818.161	693.377	445.583	472.149	713.363	419.195	67.338	675.707	364.382	26.646	816.757	447.618	56.326	877.733	425.548	87.067	482.296	142.642	833.141	404.799	220.250	429.747	253.673	247.565	69.659	194.907	290.629	51.671	346.226	231.217	29.057	428.709	259.497	24.012
209	2.08000	529.125	335.546	1603.881	474.808	493.050	1324.363	335.730	527.598	1032.197	312.562	551.667	795.225	511.914	183.288	1337.136	518.646	71.943	1027.067	696.763	42.098	877.622	519.264	509.364	816.303	704.012	445.158	469.136	742.467	418.463	67.829	705.538	364.561	24.096	847.446	445.074	58.914	906.114	422.594	93.363	492.794	144.244	831.911	410.796	219.739	430.117	254.253	247.363	71.346	196.103	290.720	54.560	346.216	230.820	29.075	429.126	259.318	23.783
210	2.09000	540.998	336.846	1602.301	486.382	493.777	1323.226	341.177	527.282	1033.678	312.696	552.573	799.364	524.643	184.180	1335.526	532.567	72.503	1026.473	713.390	43.132	879.757	532.665	510.476	814.313	714.610	444.876	465.919	768.951	418.033	67.924	732.940	364.241	22.448	874.269	443.284	62.614	931.575	419.520	98.703	501.313	145.300	830.965	417.446	219.821	429.552	255.170	246.794	73.635	196.336	290.327	57.424	346.260	230.355	29.063	429.181	259.008	23.991
211	2.10000	552.828	338.297	1600.660	497.719	494.562	1322.374	346.779	526.595	1036.631	312.960	553.964	802.019	537.302	185.577	1333.976	546.616	73.531	1025.099	730.263	45.158	881.998	546.265	511.458	812.483	725.457	444.508	462.328	791.618	417.466	67.361	756.849	364.296	21.845	897.746	441.451	65.856	953.534	417.504	103.391	511.890	147.658	830.048	423.651	219.561	429.936	256.230	246.253	75.291	197.051	289.840	61.072	346.520	230.061	28.964	429.448	259.161	23.781
212	2.11000	564.615	339.644	1599.093	509.886	495.590	1321.212	353.903	526.538	1038.708	314.987	555.829	805.149	549.644	187.015	1332.856	560.072	74.543	1023.896	745.732	46.337	883.426	560.599	512.763	810.728	736.710	444.333	460.298	810.892	417.130	67.346	776.968	364.496	19.787	917.620	440.281	67.548	972.883	415.078	106.460	522.964	150.001	828.635	430.941	218.899	429.154	257.400	245.750	78.368	198.426	289.141	64.608	346.607	229.839	29.003	429.612	259.263	23.630
213	2.12000	576.386	341.115	1597.699	521.528	496.689	1319.968	360.927	525.928	1040.066	316.943	557.725	808.468	562.178	188.576	1330.886	573.269	75.860	1022.546	761.047	48.160	885.837	575.063	513.925	810.142	748.390	443.872	457.882	826.293	416.625	66.197	793.164	364.075	18.611	933.972	438.896	68.085	988.655	412.971	107.424	533.844	151.771	827.813	439.221	219.036	429.102	258.544	245.381	80.642	200.224	289.183	68.512	346.815	229.696	29.159	429.835	258.765	23.748
214	2.13000	588.069	342.597	1596.140	533.875	497.832	1318.688	368.935	525.750	1041.568	319.283	559.618	811.444	574.632	190.460	1329.498	585.988	76.991	1021.645	775.571	49.375	886.051	590.266	514.947	809.562	759.416	444.268	455.824	838.903	414.654	63.982	806.346	363.683	16.629	946.728	437.273	66.818	1001.434	410.894	106.540	545.822	153.323	826.396	447.601	220.092	429.308	260.066	244.759	83.750	201.478	289.286	72.352	347.019	229.495	29.182	430.324	258.523	23.878
215	2.14000	599.955	344.075	1594.757	546.046	499.310	1317.350	378.422	526.223	1043.098	323.779	562.427	815.652	586.609	191.510	1328.386	599.353	78.464	1020.365	790.554	51.515	887.321	605.410	516.093	809.321	770.688	444.069	454.231	849.057	414.780	61.902	814.306	363.562	14.347	956.702	435.888	63.515	1010.647	408.810	103.058	558.121	155.070	824.944	457.134	221.001	428.410	262.563	245.219	86.736	203.277	289.340	77.470	347.162	229.517	29.175	430.447	258.321	23.998
216	2.15000	611.658	345.643	1593.383	558.084	500.818	1315.850	387.944	526.637	1043.432	328.521	564.517	817.191	598.585	193.573	1327.141	612.001	79.946	1019.709	804.272	53.490	888.614	621.243	517.006	808.974	781.453	444.329	452.885	855.244	414.845	58.270	819.771	364.012	10.920	963.530	434.352	59.162	1017.312	406.876	98.179	570.836	156.779	823.181	468.475	222.375	427.764	264.553	244.807	89.950	204.954	289.583	82.688	347.488	229.434	29.286	430.493	258.114	24.239
217	2.16000	623.436	347.212	1592.135	570.292	502.564	1314.929	397.907	527.285	1043.603	334.479	566.727	818.743	609.993	195.092	1325.811	624.333	81.699	1018.424	817.315	54.648	888.472	637.248	518.140	809.163	793.388	444.044	450.537	859.704	415.790	53.291	819.913	364.623	9.797	967.022	432.830	52.649	1022.390	404.749	91.066	584.260	158.378	821.201	479.163	223.383	426.559	266.777	244.528	94.102	207.562	289.417	87.757	347.564	229.288	29.331	430.704	257.941	24.088
218	2.17000	634.800	348.850	1590.699	582.627	504.070	1313.034	408.802	528.042	1044.046	340.937	568.925	820.301	621.543	197.093	1324.483	636.663	83.579	1016.883	830.596	56.845	889.024	653.585	519.514	808.718	804.911	443.792	449.026	860.190	413.705	50.317	819.315	363.653	10.106	968.308	432.582	44.469	1026.114	404.073	78.949	598.272	159.963	819.011	491.207	224.810	426.319	269.468	244.411	97.589	211.558	290.605	94.277	347.751	229.121	29.560	430.939	257.624	24.060
219	2.18000	646.532	350.678	1589.861	594.903	506.049	1312.360	420.579	529.404	1044.061	350.443	572.007	822.078	632.871	198.281	1323.817	648.456	85.261	1016.006	843.395	58.848	888.813	670.403	521.961	809.733	815.505	443.995	446.834	864.185	413.305	51.535	821.393	362.822	11.078	970.522	433.294	39.049	1030.785	407.722	69.496	613.339	161.859	816.863	503.699	226.217	424.827	272.196	243.792	101.797	214.812	290.329	100.165	348.155	228.895	29.570	430.936	257.549	24.044
220	2.19000	657.935	352.410	1589.540	607.285	507.990	1311.458	432.880	531.296	1043.248	359.671	573.712	821.649	644.329	199.999	1322.571	660.589	87.004	1014.870	855.802	60.830	888.244	687.423	524.854	811.264	825.867	444.888	445.748	867.206	412.525	52.585	823.695	361.768	13.019	972.746	434.792	37.839	1035.116	409.340	65.494	628.568	163.636	814.795	516.858	227.484	423.748	276.545	243.066	106.621	219.483	290.348	107.779	348.294	228.672	29.802	431.070	257.525	23.740
221	2.20000	669.573	354.231	1589.841	619.004	509.993	1310.823	445.673	533.541	1041.695	370.026	576.609	821.192	655.840	201.084	1322.464	671.763	89.135	1013.670	866.948	62.773	887.636	703.923	526.782	815.091	836.476	446.160	447.099	869.324	412.826	52.523	824.305	362.410	13.725	974.597	434.051	33.262	1037.467	408.988	59.405	644.107	165.323	813.261	530.494	227.669	422.950	280.047	242.472	111.337	225.023	291.067	114.821	348.687	228.846	29.963	431.086	256.982	23.954
222	2.21000	681.126	355.988	1590.589	630.942	511.872	1310.244	459.909	536.722	1039.931	382.486	578.970	819.761	667.718	201.835	1322.347	683.366	91.131	1013.395	878.232	64.850	886.185	719.073	527.962	820.297	848.697	447.232	450.964	870.693	413.094	51.715	824.575	363.235	14.086	976.247	432.681	29.598	1039.049	406.493	54.300	660.406	166.956	811.034	546.673	227.479	421.529	285.810	242.428	118.164	232.371	292.093	123.387	348.917	229.186	30.621	430.791	256.338	24.078
223	2.22000	692.542	357.906	1591.354	642.898	513.610	1310.759	473.869	539.515	1038.960	398.149	582.118	818.887	679.823	202.895	1322.975	694.721	93.418	1012.831	888.082	66.708	884.877	733.135	529.643	824.833	859.899	447.575	453.204	872.246	412.962	51.697	825.183	363.897	14.686	978.501	432.030	28.393	1041.343	404.093	50.811	676.724	168.071	810.248	562.960	226.041	420.887	291.809	241.953	124.873	242.085	293.786	132.818	349.801	229.807	31.908	430.381	255.510	24.191
224	2.23000	703.862	359.854	1592.495	654.367	514.802	1311.634	488.955	543.338	1038.265	413.611	584.358	816.910	691.593	204.308	1323.405	705.069	96.179	1013.209	897.827	68.982	883.264	746.954	531.627	827.964	871.367	447.631	453.989	874.027	412.914	51.376	825.205	364.353	15.302	978.993	433.401	27.501	1043.262	403.839	47.027	693.202	169.489	809.750	579.738	224.062	420.034	299.376	241.594	131.058	253.103	295.328	141.908	351.141	230.306	33.179	430.025	254.312	24.290
225	2.24000	715.051	361.871	1593.697	666.155	515.942	1312.390	504.175	546.275	1036.836	430.923	587.277	814.075	703.586	205.687	1324.996	715.664	98.673	1013.701	906.882	71.016	881.443	761.039	534.134	829.402	881.377	448.247	452.844	874.811	412.693	51.460	825.604	364.637	16.162	979.057	435.040	26.965	1044.145	403.739	42.869	708.513	171.012	809.945	597.546	222.093	419.022	310.049	240.371	138.253	264.426	294.210	152.462	354.609	230.948	35.898	429.700	254.183	24.524
226	2.25000	726.335	363.944	1595.152	677.936	517.449	1313.114	519.467	548.969	1035.684	450.239	590.476	811.128	716.046	207.302	1326.504	726.155	100.944	1014.809	915.573	73.584	880.087	774.838	536.607	830.589	889.319	449.707	452.899	875.896	412.509	51.231	825.572	365.177	16.509	979.394	435.754	26.676	1045.239	403.468	40.224	723.504	172.323	809.993	617.347	219.859	417.432	321.882	238.897	144.354	278.042	292.321	162.161	358.910	231.217	38.655	430.324	254.855	24.506
227	2.26000	737.340	365.966	1596.445	689.963	518.083	1314.376	535.177	551.217	1035.043	471.661	594.294	809.753	727.958	208.840	1328.503	737.145	103.637	1015.786	923.770	75.563	877.725	787.924	538.713	832.003	896.473	451.440	451.747	876.547	412.409	51.169	825.929	365.251	17.162	979.561	435.828	26.544	1046.822	402.077	38.780	736.428	173.702	810.758	639.014	218.166	415.734	335.784	236.963	151.131	294.049	290.464	173.748	363.885	232.463	41.889	428.875	257.649	24.167
228	2.27000	748.293	367.973	1597.978	702.241	519.518	1316.071	551.175	553.488	1034.746	492.933	598.059	806.755	739.813	210.236	1329.115	747.166	106.125	1016.656	931.995	78.080	875.385	801.239	540.839	833.494	903.125	452.824	450.414	877.482	412.230	51.440	825.918	365.307	17.644	979.833	435.999	26.484	1048.156	401.279	37.596	749.054	175.286	811.220	661.627	217.409	411.173	350.395	236.041	158.932	310.654	289.022	185.483	369.317	233.081	47.592	430.446	258.457	24.558
229	2.28000	759.213	369.928	1599.422	714.721	520.754	1317.656	567.868	556.485	1032.989	515.366	601.860	803.975	751.171	211.310	1330.428	757.308	108.358	1017.675	940.218	80.336	873.052	814.395	542.888	834.189	909.312	453.954	449.812	877.159	413.060	51.510	826.208	365.550	17.709	980.008	436.199	26.564	1049.246	401.427	35.622	762.998	178.900	811.205	685.189	216.395	408.348	365.168	236.570	167.216	328.869	289.568	197.120	376.627	232.549	55.514	436.337	256.244	23.565
230	2.29000	770.383	372.050	1600.921	727.372	522.104	1318.603	584.570	559.657	1032.747	539.490	606.034	802.257	762.695	212.631	1332.205	767.604	110.698	1019.264	947.482	82.095	870.160	828.087	544.681	835.522	914.517	455.107	449.065	877.211	412.300	51.133	826.018	365.731	17.842	979.928	436.375	26.469	1049.981	400.908	34.154	773.684	181.221	811.317	709.338	215.906	403.844	382.260	237.331	175.651	348.981	291.758	207.720	387.344	232.647	63.850	444.927	249.341	21.094
231	2.30000	781.318	374.039	1602.458	739.960	523.188	1320.103	601.843	562.386	1031.337	563.193	610.220	799.788	774.008	213.770	1333.119	777.665	113.049	1019.870	954.823	83.843	866.921	840.637	546.032	836.795	919.040	456.283	448.459	877.594	411.940	51.046	825.990	365.730	18.090	979.926	436.363	26.328	1050.934	400.337	33.223	785.101	184.149	810.864	735.059	215.018	401.976	400.574	240.208	184.751	369.721	296.965	215.316	400.723	229.635	73.021	451.844	237.068	21.550
232	2.31000	792.275	375.764	1604.060	753.128	524.641	1321.668	619.796	566.464	1030.294	588.523	614.106	798.533	785.379	214.261	1334.119	788.518	115.284	1019.937	962.314	85.275	862.980	853.008	547.105	837.599	923.734	457.090	447.065	877.806	411.870	51.068	825.916	365.524	18.053	980.106	436.458	26.406	1051.679	400.102	32.522	795.324	187.306	810.428	760.588	214.637	399.788	420.940	243.109	193.546	392.997	302.644	220.324	419.136	224.625	83.611	466.235	225.736	28.924
233	2.32000	803.121	377.500	1605.428	766.265	526.073	1323.150	638.113	570.158	1028.873	614.107	618.793	796.924	796.014	215.432	1334.841	798.994	116.967	1020.150	968.594	86.916	859.904	865.281	548.132	838.281	927.710	458.262	445.570	878.271	411.539	51.238	825.967	365.740	18.265	980.113	436.589	26.366	1051.859	400.064	31.519	805.605	190.350	810.449	786.641	214.479	398.932	443.413	246.366	200.844	415.671	308.047	223.201	441.396	219.612	92.741	487.289	217.420	38.221
234	2.33000	813.980	379.063	1606.836	779.576	527.337	1324.999	656.356	574.277	1028.832	640.323	622.469	795.436	807.473	216.365	1335.805	809.511	118.880	1021.255	975.678	88.376	856.076	876.435	549.246	838.788	931.295	459.687	445.097	878.142	411.861	51.271	825.950	365.979	18.368	980.024	436.831	26.278	1051.965	400.191	30.703	815.561	192.781	810.976	812.245	213.893	399.586	467.884	249.163	205.758	440.333	312.390	225.820	466.286	215.101	100.760	511.482	209.636	45.009
235	2.34000	824.813	380.500	1608.046	793.205	528.782	1326.057	676.477	578.744	1027.718	667.772	626.711	794.174	818.357	217.333	1336.646	820.217	120.946	1021.503	982.041	89.838	852.841	887.676	550.591	838.733	934.866	461.153	445.254	877.633	412.563	51.463	826.183	366.078	18.519	980.060	437.055	26.193	1052.352	400.017	30.389	825.847	194.437	812.255	838.048	214.013	400.498	493.912	251.318	210.321	465.852	315.824	227.350	492.811	211.063	108.561	538.632	200.785	51.101
236	2.35000	835.820	381.808	1609.160	807.054	529.920	1327.396	696.288	582.979	1026.318	695.907	630.752	792.904	829.400	218.330	1337.926	830.121	123.211	1021.803	987.727	90.555	848.587	897.593	551.732	838.253	939.143	461.891	445.168	878.174	412.600	51.207	825.807	366.292	18.954	979.956	437.190	26.091	1052.759	399.947	29.741	835.847	196.108	813.799	864.951	214.268	402.058	520.751	252.984	213.388	491.974	318.130	227.126	521.966	207.637	114.804	567.818	193.033	58.023
237	2.36000	846.916	383.140	1610.387	820.505	530.902	1328.524	715.957	587.368	1025.911	724.357	634.585	792.683	840.423	219.198	1338.890	839.814	125.183	1022.140	993.169	91.604	845.651	907.074	553.181	838.111	944.016	462.135	444.622	879.271	411.604	51.066	825.877	366.448	19.244	980.032	437.311	26.121	1053.009	399.891	29.601	845.941	197.547	815.401	890.697	214.784	403.898	548.586	253.914	214.678	518.313	319.369	225.595	553.196	205.443	118.217	599.538	188.939	62.545
238	2.37000	858.150	384.405	1611.388	834.263	532.193	1330.104	736.311	591.775	1025.812	753.897	638.453	792.431	851.833	219.811	1339.022	848.646	127.976	1021.953	997.785	92.715	841.582	916.375	554.061	837.998	948.099	461.846	444.092	879.004	411.912	51.045	825.806	366.780	19.243	980.112	437.307	26.057	1053.541	400.031	29.044	856.435	198.635	817.751	916.606	215.820	407.183	577.732	254.311	214.870	544.823	319.582	223.341	586.529	203.667	120.736	636.452	187.667	65.610
239	2.38000	869.254	385.718	1612.301	847.330	533.104	1331.724	756.916	595.699	1024.904	784.537	642.883	793.411	862.790	220.559	1339.635	857.708	130.150	1022.408	1002.544	94.258	839.076	925.516	554.901	837.265	951.503	461.989	443.395	879.452	411.631	51.299	825.855	366.662	19.740	980.149	437.227	26.112	1053.693	399.853	28.509	867.354	199.343	820.152	942.617	217.064	410.153	606.566	254.638	212.470	572.429	318.983	220.172	621.081	203.305	120.402	674.445	187.417	67.878
240	2.39000	880.748	386.852	1613.030	860.701	534.006	1332.523	777.878	599.951	1024.250	815.622	646.348	794.614	873.892	221.488	1339.926	866.501	132.831	1022.266	1007.218	95.705	836.034	935.066	555.719	836.495	955.206	462.627	443.031	879.031	411.854	51.658	825.782	366.590	19.943	980.265	437.248	26.161	1053.866	399.729	28.139	878.519	199.533	822.100	969.060	218.367	415.079	638.026	254.089	208.702	600.925	318.500	215.085	656.079	202.801	119.126	711.241	188.120	67.796
241	2.40000	892.080	387.930	1613.871	873.848	535.035	1333.556	798.671	603.606	1023.586	845.758	649.004	795.073	884.185	223.079	1341.245	875.418	135.227	1022.513	1011.296	97.080	832.373	944.161	556.572	835.560	957.709	463.047	442.025	880.140	411.675	51.778	826.313	366.080	20.609	980.307	437.282	26.124	1053.967	399.875	28.121	890.699	199.201	824.689	994.233	220.465	418.853	669.271	253.690	204.125	630.339	317.437	209.076	693.120	202.842	115.003	750.422	189.856	66.710
242	2.41000	903.476	389.237	1614.531	886.557	536.061	1335.109	820.070	607.489	1023.379	877.953	652.229	796.536	895.609	224.135	1341.604	883.497	137.815	1022.804	1015.213	98.701	829.488	954.223	557.716	834.427	960.604	463.744	441.311	878.896	411.999	51.739	826.568	366.160	20.764	980.203	437.392	26.096	1053.883	399.985	27.767	902.235	198.985	826.696	1018.990	223.263	423.326	699.994	253.912	198.053	660.428	317.184	201.550	730.391	204.038	111.576	790.857	192.130	65.586
243	2.42000	915.145	390.242	1615.001	898.946	536.945	1335.945	841.484	611.670	1023.321	909.313	654.637	798.730	906.971	225.085	1342.125	891.914	140.238	1022.814	1018.710	99.936	826.419	963.123	558.607	833.395	963.066	464.332	440.731	879.531	411.521	52.131	826.623	366.036	21.711	980.414	437.331	26.045	1054.253	399.891	27.568	914.589	198.771	829.044	1043.973	225.802	428.458	734.441	254.713	190.721	691.849	316.948	192.584	768.498	204.677	106.489	831.441	194.156	64.045
244	2.43000	926.765	391.297	1615.152	911.264	537.916	1336.698	862.795	614.787	1023.053	940.843	656.579	801.320	918.299	226.335	1341.557	900.090	142.903	1022.625	1022.438	101.132	823.604	971.583	559.292	832.139	965.338	465.314	440.382	879.908	411.598	52.260	826.787	365.608	22.213	980.404	437.393	25.975	1054.577	400.130	27.811	928.391	199.676	830.960	1068.891	228.580	433.886	767.631	255.248	182.778	724.294	317.161	182.701	807.436	205.568	101.151	872.351	195.682	62.404
245	2.44000	938.502	392.477	1615.308	923.137	538.550	1336.968	884.390	618.279	1023.372	973.301	659.171	805.815	929.590	227.242	1342.376	907.959	145.065	1021.923	1026.444	102.644	821.515	980.272	560.059	830.997	967.446	466.168	439.439	879.704	411.501	52.503	827.086	365.459	23.109	980.396	437.404	26.099	1054.351	400.012	27.657	940.137	199.837	832.396	1092.180	232.187	438.212	802.023	255.853	174.210	757.674	317.500	172.096	847.442	206.766	95.538	914.892	197.346	60.656
246	2.45000	950.288	393.523	1615.366	935.196	539.600	1337.516	905.733	621.637	1023.711	1004.978	660.880	810.189	940.514	228.626	1341.689	915.862	147.404	1021.864	1029.812	103.705	819.390	987.424	560.321	829.901	969.528	466.896	438.609	879.840	411.472	52.639	827.299	365.174	23.696	980.453	437.364	26.076	1054.620	400.300	27.713	951.900	199.214	834.062	1114.509	235.662	443.545	837.515	256.842	165.682	792.056	317.649	160.015	887.991	207.958	89.693	957.276	199.032	58.468
247	2.46000	962.140	394.506	1615.171	946.945	540.580	1338.318	927.001	624.972	1024.170	1036.575	662.544	814.727	951.682	229.735	1341.341	924.025	149.483	1021.708	1033.810	104.830	816.346	995.553	561.418	829.190	971.424	467.672	438.446	879.982	411.264	52.987	827.441	365.413	24.753	980.518	437.425	25.939	1054.650	400.486	27.696	964.024	199.048	834.721	1136.996	238.738	448.725	874.465	257.144	155.266	828.046	317.873	148.245	929.445	209.695	83.371	1000.688	201.815	56.615
248	2.47000	974.146	395.611	1614.509	958.706	541.647	1338.051	947.940	627.532	1024.200	1067.366	663.774	821.135	962.557	230.956	1340.988	932.907	151.128	1021.644	1037.665	106.010	813.820	1002.770	561.860	827.771	974.058	468.381	438.298	880.305	411.229	53.069	827.315	365.207	25.115	980.567	437.382	26.011	1054.615	400.499	27.580	976.229	199.073	834.741	1158.169	242.194	452.750	910.810	258.207	145.687	865.470	317.445	135.790	971.665	211.340	77.333	1044.651	204.780	54.655
249	2.48000	986.245	396.702	1613.869	970.446	542.747	1338.214	969.831	630.786	1025.404	1098.191	665.265	826.560	973.667	232.428	1340.531	941.079	152.965	1021.101	1041.666	106.983	812.076	1009.869	562.101	826.988	976.384	468.833	438.314	880.854	411.228	53.699	827.863	364.761	25.921	980.577	437.368	25.963	1054.621	400.878	27.495	988.533	199.293	835.571	1178.700	245.405	457.406	948.879	258.932	135.258	903.072	317.444	123.071	1015.150	213.536	71.779	1089.157	207.928	53.094
250	2.49000	998.549	397.496	1612.950	982.124	543.773	1337.715	990.180	632.971	1025.828	1128.146	666.175	833.390	984.879	233.682	1339.519	949.395	154.718	1020.692	1045.649	108.526	809.046	1017.277	562.480	825.890	978.722	469.073	438.302	881.281	410.929	54.106	828.379	363.731	25.803	980.687	437.231	25.877	1054.690	400.972	27.427	1001.171	199.351	835.391	1198.294	248.635	461.825	987.891	260.284	124.884	942.233	318.164	109.452	1058.695	215.962	65.649	1133.897	211.936	52.136
251	2.50000	1010.427	398.863	1611.868	993.945	544.800	1336.892	1009.595	634.560	1025.337	1157.655	667.264	840.802	995.865	234.859	1338.966	957.457	156.953	1019.809	1049.738	109.868	806.771	1024.552	562.640	824.336	981.586	469.421	437.982	881.718	410.037	54.674	828.794	362.586	26.271	980.882	437.148	26.362	1054.575	401.004	27.324	1012.928	199.710	835.144	1216.264	252.352	465.213	1027.854	260.881	114.587	982.758	318.859	96.681	1103.109	218.821	60.151	1179.134	216.118	51.949
252	2.51000	1022.689	399.883	1610.578	1005.642	545.751	1336.040	1030.945	637.344	1026.865	1187.048	668.666	848.823	1007.199	236.306	1337.672	965.691	158.628	1018.769	1054.302	110.971	805.086	1033.976	561.691	823.186	984.248	469.836	437.647	882.363	409.467	56.285	828.845	361.322	27.354	980.523	436.718	26.211	1054.295	400.783	26.881	1025.544	199.806	834.836	1232.849	256.078	467.286	1067.826	262.578	105.205	1022.699	319.375	84.446	1147.697	221.979	56.072	1224.435	220.629	52.887
253	2.52000	1035.472	401.162	1609.599	1017.266	546.803	1335.233	1050.915	639.235	1027.354	1215.306	669.622	856.882	1018.313	237.882	1336.573	974.064	160.237	1018.238	1059.201	112.138	803.024	1039.759	562.985	821.437	987.525	469.930	437.114	882.513	408.721	57.388	829.602	360.314	28.452	980.608	436.076	26.242	1054.014	400.870	27.100	1038.180	199.852	834.163	1248.554	259.380	469.637	1109.582	264.593	96.037	1064.657	320.878	73.113	1192.742	225.647	52.364	1269.341	225.922	54.683
254	2.53000	1048.149	402.310	1608.136	1029.119	547.841	1333.625	1069.857	640.258	1027.184	1242.850	670.683	865.719	1029.641	239.036	1335.591	982.426	162.340	1017.317	1064.134	113.082	800.278	1047.537	563.459	819.490	990.461	469.524	436.799	882.133	407.390	59.010	829.660	359.059	30.417	980.363	435.528	26.095	1053.907	401.232	26.975	1050.646	200.037	833.753	1263.734	261.773	470.867	1150.436	266.692	88.298	1106.014	322.584	62.377	1237.377	230.178	49.492	1313.791	231.858	57.667
255	2.54000	1060.435	403.494	1606.852	1040.729	549.045	1332.667	1088.882	641.302	1027.311	1269.338	671.517	874.355	1040.754	240.601	1333.967	991.729	163.576	1016.821	1068.911	114.361	798.463	1056.651	563.200	818.464	993.859	469.556	436.782	882.799	406.784	60.030	830.118	358.111	32.126	980.531	435.261	26.168	1054.815	402.014	27.502	1063.204	200.561	832.460	1275.981	265.194	470.616	1190.719	269.061	82.509	1146.563	323.799	52.723	1281.676	235.716	48.126	1356.806	238.852	59.818
256	2.55000	1073.168	404.798	1605.378	1052.669	549.942	1330.603	1107.811	642.608	1028.005	1295.303	672.455	884.094	1051.956	241.796	1333.499	1000.497	165.264	1015.850	1073.803	115.422	796.017	1064.487	563.242	816.197	997.265	469.676	437.093	882.783	405.789	60.580	830.721	356.795	34.590	980.590	435.147	26.196	1054.721	402.215	27.432	1075.739	201.143	831.581	1288.689	267.640	470.312	1229.834	271.780	76.082	1186.725	325.837	46.295	1324.655	241.828	47.961	1399.254	247.721	64.864
257	2.56000	1085.901	405.899	1604.116	1064.510	550.931	1329.613	1126.737	643.633	1028.449	1320.433	672.975	893.295	1063.614	243.197	1331.765	1009.582	167.158	1014.826	1079.799	116.179	794.080	1073.983	562.653	814.831	1001.145	470.320	437.901	883.388	405.894	62.391	831.023	356.229	36.873	980.161	434.718	26.227	1054.966	402.577	27.523	1089.512	200.906	830.496	1300.474	270.101	469.077	1269.148	275.076	71.399	1224.828	328.457	39.483	1366.186	249.228	49.097	1438.705	257.654	70.564
258	2.57000	1098.535	407.066	1602.571	1076.001	551.792	1327.827	1144.331	644.426	1028.906	1344.115	673.323	902.670	1074.831	244.702	1330.479	1018.936	168.635	1013.920	1085.809	116.752	792.866	1083.112	562.661	812.854	1005.594	471.024	438.981	882.906	405.317	64.277	831.521	355.665	38.727	980.008	434.738	26.147	1054.641	402.303	27.510	1103.184	201.210	829.307	1311.777	272.041	466.569	1306.138	279.783	69.119	1262.023	331.728	35.472	1404.787	257.255	51.469	1476.010	267.472	77.767
259	2.58000	1111.387	408.038	1600.829	1087.985	552.746	1326.425	1162.421	645.378	1030.172	1367.150	673.789	912.567	1085.848	245.879	1329.557	1028.662	170.094	1013.151	1092.795	116.989	791.612	1091.501	562.620	811.267	1010.732	471.420	439.617	882.950	405.201	65.553	831.415	355.937	40.745	979.915	434.626	25.930	1054.585	402.376	27.441	1116.898	201.713	827.612	1322.468	274.413	464.069	1338.067	284.439	67.758	1295.546	335.407	31.513	1440.885	265.180	54.827	1509.682	277.251	85.360
260	2.59000	1124.014	409.009	1599.124	1099.737	553.713	1325.824	1179.420	645.734	1030.560	1388.777	673.855	922.124	1097.280	247.406	1328.084	1038.028	171.482	1012.274	1100.324	117.144	789.662	1100.317	562.534	810.331	1016.845	472.124	438.734	884.019	405.619	66.985	831.520	355.894	43.366	979.978	434.561	25.931	1054.619	402.391	27.395	1130.577	202.535	825.683	1332.750	276.239	461.335	1372.380	289.879	68.421	1327.702	340.008	30.361	1473.046	272.702	58.586	1540.043	286.025	91.676
261	2.60000	1136.843	409.884	1597.395	1111.208	554.079	1323.770	1196.271	646.278	1031.421	1409.535	673.452	931.563	1108.540	248.867	1326.851	1048.527	172.667	1011.564	1105.951	118.577	788.127	1109.196	562.621	809.330	1023.624	472.502	437.893	885.685	406.385	69.877	832.468	355.838	45.933	980.142	434.832	25.961	1054.547	402.337	27.234	1145.285	202.535	824.407	1342.546	278.719	458.247	1399.432	293.791	67.242	1354.897	342.994	28.862	1501.645	280.137	61.977	1567.196	294.716	98.976
262	2.61000	1149.669	410.714	1596.107	1122.323	554.740	1323.094	1212.079	646.438	1032.104	1429.179	672.708	941.189	1120.074	249.808	1325.241	1058.744	173.734	1010.458	1113.699	118.821	786.742	1118.561	562.961	808.822	1030.912	473.480	437.801	886.657	406.475	71.305	833.404	356.448	49.415	980.442	435.072	25.958	1054.618	402.519	27.399	1159.634	203.048	823.184	1352.290	281.068	455.854	1421.094	297.066	67.166	1379.740	346.495	28.565	1526.367	286.873	65.621	1590.384	303.048	104.608
263	2.62000	1162.763	411.540	1594.573	1133.837	555.478	1322.351	1228.416	647.684	1033.957	1447.940	671.750	950.823	1131.413	250.660	1324.658	1068.971	175.034	1009.023	1121.182	119.756	784.860	1128.559	562.877	808.199	1039.515	474.189	437.747	887.159	407.768	74.224	833.801	357.409	52.875	980.454	435.218	26.036	1054.642	402.198	27.440	1174.177	203.822	822.481	1362.850	282.938	453.583	1444.189	301.259	69.399	1399.066	348.653	27.425	1547.443	293.297	68.862	1610.031	310.878	108.617
264	2.63000	1175.588	412.168	1593.333	1145.044	555.817	1321.477	1242.131	647.213	1034.062	1465.132	670.542	959.916	1142.870	251.996	1323.492	1079.824	175.963	1007.762	1130.140	119.587	783.823	1139.648	563.114	807.306	1049.880	474.941	437.499	888.303	408.030	76.588	834.292	358.322	56.062	980.897	435.451	26.310	1054.712	402.131	27.368	1189.079	204.414	822.481	1373.655	285.469	451.847	1458.929	304.632	68.373	1415.798	351.622	27.303	1564.089	298.919	70.299	1626.091	317.925	111.130
265	2.64000	1188.385	412.827	1592.129	1155.956	556.419	1321.320	1256.869	648.092	1035.394	1481.482	669.472	968.978	1154.604	252.962	1322.011	1091.344	176.154	1007.457	1138.532	120.547	781.869	1150.765	563.246	806.334	1060.355	475.656	437.527	889.998	409.139	78.923	835.727	359.072	60.479	981.339	435.618	26.101	1054.902	402.145	27.721	1204.076	205.156	822.408	1384.472	287.849	450.417	1470.472	307.938	69.606	1428.221	354.614	26.012	1577.257	304.270	69.797	1638.583	324.427	110.891
266	2.65000	1201.263	413.506	1591.266	1167.273	556.858	1320.467	1270.293	648.336	1036.328	1496.979	667.903	977.716	1166.488	253.733	1321.286	1102.399	177.200	1006.310	1147.918	120.745	781.236	1163.303	563.519	805.153	1071.639	475.707	436.520	892.386	410.255	82.482	837.268	360.090	65.641	981.519	435.896	26.054	1055.233	402.129	27.986	1219.503	205.427	822.800	1394.840	290.689	449.033	1484.779	312.879	65.289	1435.877	357.436	23.435	1586.546	309.311	66.941	1648.206	329.820	107.925
267	2.66000	1214.221	414.113	1590.378	1177.851	557.270	1319.844	1283.656	649.260	1037.622	1511.041	665.880	985.350	1178.545	254.853	1319.693	1114.392	177.581	1005.660	1159.315	120.298	780.316	1176.170	563.545	803.690	1082.701	475.922	435.588	894.869	411.088	85.793	838.922	360.989	70.870	981.685	436.308	25.663	1055.381	402.114	28.071	1234.324	206.501	822.948	1405.835	292.915	447.688	1488.078	316.022	63.340	1441.765	361.102	21.145	1592.573	314.027	62.612	1654.116	334.846	102.979
268	2.67000	1227.211	414.744	1589.527	1189.049	558.020	1319.885	1294.765	648.547	1037.811	1524.494	664.310	993.459	1190.595	255.385	1319.241	1126.254	178.128	1004.908	1169.273	121.034	779.182	1189.228	563.020	802.334	1095.600	476.136	434.993	897.031	412.434	90.813	841.149	361.687	76.936	982.032	436.542	25.682	1054.993	402.052	27.653	1249.500	207.117	823.316	1417.469	295.761	446.340	1489.092	318.345	57.200	1443.291	363.127	18.580	1595.197	318.005	56.669	1657.726	339.550	95.889
269	2.68000	1239.972	415.243	1588.844	1199.606	558.444	1319.267	1305.844	648.547	1037.706	1536.829	662.706	1000.883	1203.062	255.943	1318.230	1138.666	178.504	1004.445	1180.213	121.274	778.946	1203.343	563.215	801.399	1108.254	476.720	435.480	899.069	413.022	94.432	844.139	362.743	83.546	982.547	436.876	26.038	1055.015	402.087	27.710	1264.673	207.841	823.751	1429.036	298.507	445.798	1491.412	321.291	54.598	1443.476	365.010	14.913	1595.627	322.101	49.335	1658.400	344.113	87.009
270	2.69000	1252.886	415.885	1588.440	1210.172	559.124	1318.544	1316.922	649.121	1037.865	1548.110	661.099	1007.037	1215.111	256.879	1317.250	1151.000	178.827	1003.681	1192.296	121.519	777.345	1217.822	563.677	800.362	1120.750	476.705	433.553	902.973	414.241	99.302	847.560	362.961	90.116	982.801	437.239	26.116	1054.885	402.120	27.614	1279.932	208.302	824.417	1440.932	301.499	444.919	1487.871	321.393	51.747	1441.135	363.777	11.589	1595.537	324.381	42.537	1659.286	347.695	78.577
271	2.70000	1265.725	416.288	1587.724	1220.274	559.453	1318.456	1327.618	650.228	1037.774	1558.511	659.673	1012.422	1227.100	257.219	1316.734	1163.795	178.763	1003.157	1204.524	121.375	776.560	1232.720	563.980	799.243	1133.186	477.784	433.551	906.586	415.448	103.221	851.026	363.824	96.479	983.337	437.320	26.198	1055.170	402.071	27.809	1295.717	208.351	825.145	1451.498	304.439	442.986	1493.542	324.201	50.495	1443.855	364.173	14.545	1598.354	324.538	37.607	1663.996	348.912	69.362
272	2.71000	1278.334	416.764	1587.750	1230.354	560.077	1317.505	1337.661	651.093	1037.094	1568.490	659.090	1016.060	1239.704	257.681	1315.417	1177.399	178.637	1002.763	1217.302	121.911	775.677	1248.364	564.629	798.115	1147.165	479.013	432.930	910.411	416.875	108.713	855.337	365.036	104.693	984.214	437.875	26.643	1054.870	402.313	27.758	1311.683	208.497	826.029	1460.994	305.554	440.554	1503.101	325.247	50.617	1446.982	364.511	16.335	1603.087	324.562	36.361	1672.006	347.781	65.695
273	2.72000	1291.434	417.177	1588.107	1240.198	561.101	1317.439	1346.713	651.653	1036.180	1577.920	658.744	1018.328	1251.787	258.067	1315.510	1190.247	179.351	1002.065	1231.729	121.199	775.850	1264.038	565.714	797.467	1161.279	480.919	432.730	915.306	417.934	114.115	861.121	365.589	112.364	984.863	438.137	27.131	1055.240	402.439	28.095	1327.433	208.725	828.284	1470.579	306.475	440.558	1504.940	324.642	50.155	1449.006	364.458	17.377	1606.025	324.577	34.191	1675.532	347.865	60.402
274	2.73000	1304.401	417.567	1588.854	1250.224	562.970	1317.994	1355.967	652.508	1035.371	1586.825	659.209	1019.271	1264.018	258.315	1315.517	1204.135	179.354	1001.216	1245.128	121.810	774.929	1279.998	566.624	796.439	1175.319	482.823	431.441	921.010	419.215	119.436	868.103	365.330	121.196	985.425	437.965	27.428	1055.161	402.750	28.238	1342.338	209.117	831.649	1481.581	306.244	441.656	1504.260	324.224	50.117	1449.192	363.755	17.682	1606.343	323.815	30.211	1676.026	347.738	52.894
275	2.74000	1317.436	418.085	1590.057	1260.226	564.230	1318.074	1364.834	653.446	1034.439	1595.587	660.138	1018.807	1276.554	258.874	1315.024	1217.709	180.179	1000.732	1260.488	121.597	775.345	1295.715	568.008	795.971	1190.968	485.815	430.809	927.413	420.269	125.068	876.558	364.652	129.930	986.257	437.412	28.204	1055.012	403.275	28.249	1356.522	210.128	835.089	1493.434	307.457	444.756	1504.951	324.288	50.235	1449.966	363.119	18.462	1607.461	322.587	28.933	1678.003	350.640	49.701
276	2.75000	1330.400	418.672	1591.101	1270.593	565.588	1318.670	1373.448	654.300	1034.333	1603.690	660.542	1016.037	1288.459	259.311	1316.124	1232.848	179.705	1001.107	1275.158	122.534	775.612	1311.228	569.363	795.525	1207.688	489.899	430.615	933.925	420.939	131.086	886.941	363.761	138.921	987.502	436.047	29.572	1054.912	403.999	28.306	1370.060	210.654	838.300	1505.941	309.958	446.663	1508.811	323.155	51.004	1450.699	362.930	19.113	1608.328	321.474	28.072	1680.049	350.276	44.750
277	2.76000	1343.512	419.101	1592.350	1281.071	567.203	1319.941	1381.686	655.129	1034.048	1611.463	661.337	1012.423	1300.523	259.818	1316.570	1248.083	179.748	1001.835	1291.949	122.101	776.683	1326.778	571.096	796.099	1224.098	494.169	429.016	942.687	422.300	137.974	899.001	363.182	148.441	989.158	435.093	31.332	1055.119	404.017	28.268	1383.572	210.978	840.163	1516.354	311.115	445.987	1508.072	324.775	49.496	1451.025	362.616	19.403	1608.227	320.038	27.490	1681.544	350.635	42.069
278	2.77000	1356.741	419.757	1593.743	1291.363	568.176	1321.121	1388.623	655.181	1032.713	1619.229	662.513	1007.630	1312.580	260.718	1317.361	1262.803	180.318	1002.684	1308.737	122.280	777.736	1341.107	572.366	796.367	1241.865	498.722	427.628	953.572	424.888	144.169	911.963	364.530	158.713	993.037	433.885	33.750	1055.877	403.466	28.192	1396.629	211.252	841.984	1524.186	311.163	445.296	1508.433	324.792	49.678	1451.148	362.490	19.655	1608.661	319.969	27.271	1682.545	352.365	39.415
279	2.78000	1369.789	420.410	1595.200	1302.709	569.331	1322.519	1396.324	656.430	1032.135	1626.199	663.613	1001.036	1324.657	261.496	1318.810	1277.771	180.803	1003.487	1325.821	123.207	778.396	1354.987	573.625	796.972	1261.339	503.259	425.968	964.585	427.806	149.809	925.255	367.779	169.128	997.378	432.068	37.177	1057.467	403.154	29.096	1409.589	211.480	843.970	1533.243	311.269	445.100	1509.358	325.062	49.638	1451.240	362.304	19.758	1608.926	319.917	27.011	1683.275	353.772	37.802
